INSERT INTO debate_participants VALUES('cmb700d4u0003s70zl0o4r8x9','cmb700d4r0002s70zpoz90g8w','cmb6zyvqd0000s7e8r470xlv4','CHALLENGER_A',1748379496063);
INSERT INTO debate_participants VALUES('cmb700d4u0004s70z0t8oqeb0','cmb700d4r0002s70zpoz90g8w','cmb6zyvqp0004s7e8rh6g2i2c','CHALLENGER_B',1748379496063);
INSERT INTO debate_participants VALUES('cmb7088lv000bs70zdjjbwygv','cmb7088lt000as70zgsygt77v','cmb6zyvqd0000s7e8r470xlv4','CHALLENGER_A',1748379863444);
INSERT INTO debate_participants VALUES('cmb7088lv000cs70z5hq4dglc','cmb7088lt000as70zgsygt77v','cmb6zyvqh0001s7e8vft9e6rm','CHALLENGER_B',1748379863444);
INSERT INTO debate_participants VALUES('cmb70ijvk0001s7nglptr13wn','cmb70ijvg0000s7ngq5peoojy','cmb6zyvqd0000s7e8r470xlv4','CHALLENGER_A',1748380344608);
INSERT INTO debate_participants VALUES('cmb70ijvk0002s7ng6kveg6ku','cmb70ijvg0000s7ngq5peoojy','cmb6zyvqh0001s7e8vft9e6rm','CHALLENGER_B',1748380344608);
INSERT INTO debate_participants VALUES('cmb70teos0008s7ng106wqnv2','cmb70teoj0007s7ng8b3gsya8','cmb6zyvqd0000s7e8r470xlv4','CHALLENGER_A',1748380851100);
INSERT INTO debate_participants VALUES('cmb70teos0009s7ngyncwnv42','cmb70teoj0007s7ng8b3gsya8','cmb6zyvqs0005s7e8bv9m5eqz','CHALLENGER_B',1748380851100);
INSERT INTO debate_participants VALUES('cmb715ihz0001s74tygw61ox9','cmb715ihp0000s74t8jbwzl8o','cmb6zyvqd0000s7e8r470xlv4','CHALLENGER_A',1748381415911);
INSERT INTO debate_participants VALUES('cmb71xhak0001s7imjvqfmdar','cmb71xhac0000s7immvaxbd6e','cmb6zyvqd0000s7e8r470xlv4','CHALLENGER_A',1748382720716);
INSERT INTO debate_participants VALUES('cmb727l5x0001s7p13f7rmbhi','cmb727l5q0000s7p19lzzma4r','cmb6zyvqd0000s7e8r470xlv4','CHALLENGER_A',1748383192294);
INSERT INTO debate_participants VALUES('cmb72vlrw0009s7p1q0gdy226','cmb72vlrt0008s7p1592esr3v','cmb6zyvqd0000s7e8r470xlv4','CHALLENGER_A',1748384312828);
INSERT INTO debate_participants VALUES('cmb73del2000hs7p1laouo0kc','cmb73deky000gs7p1w2hq34jm','cmb6zyvqd0000s7e8r470xlv4','CHALLENGER_A',1748385143319);
INSERT INTO debate_participants VALUES('cmb74azsn0004s741kggvac7y','cmb74azsj0003s741yttrke46','cmb6zyvqd0000s7e8r470xlv4','CHALLENGER_A',1748386710456);
INSERT INTO debate_participants VALUES('cmb74b56w0009s741iige0wfa','cmb74b56s0008s741t0rjy9m8','cmb6zyvqd0000s7e8r470xlv4','CHALLENGER_A',1748386717448);
INSERT INTO debate_participants VALUES('cmb74my5q000ps74185pogyda','cmb74my5n000os741z60qs9zz','cmb6zyvqd0000s7e8r470xlv4','CHALLENGER_A',1748387268207);
INSERT INTO debate_participants VALUES('cmb74my5q000qs741zx96a4cg','cmb74my5n000os741z60qs9zz','cmb7132t20005s71g47jv7dih','CHALLENGER_B',1748387268207);
INSERT INTO debate_participants VALUES('cmb754vpb000xs7413ydtjd5p','cmb754vp8000ws741t17ouzga','cmb6zyvqd0000s7e8r470xlv4','CHALLENGER_A',1748388104831);
INSERT INTO debate_participants VALUES('cmb7sije30004s7b6u3enln6i','cmb7sijdu0003s7b634d5etw6','cmb6zyvqd0000s7e8r470xlv4','CHALLENGER_A',1748427373227);
INSERT INTO debate_participants VALUES('cmb7sy2r50002s7kply0fhb22','cmb7sy2qs0001s7kpsqo2jjai','cmb7cpb6e0001s7iawbqlj6w9','CHALLENGER_A',1748428098161);
INSERT INTO debate_participants VALUES('cmb7w4zce0002s7bcjftjt6bs','cmb7w4zbr0001s7bchixfyto2','cmb7cpb6e0001s7iawbqlj6w9','CHALLENGER_A',1748433459182);
INSERT INTO debate_participants VALUES('cmb7xeakq0003s7ca3yacgfvg','cmb7xeakf0001s7cat8g3bvxx','cmb7132sw0003s71gpxc295tj','CHALLENGER_A',1748435573258);
INSERT INTO debate_participants VALUES('cmb7y84km000js7ca28a5dqmg','cmb7y84kk000hs7campl6el8w','cmb7cpb6e0001s7iawbqlj6w9','CHALLENGER_A',1748436965158);
INSERT INTO debate_participants VALUES('cmb8adkty000hs723lfbdtpfa','cmb8adktv000fs723s04mvtt6','cmb8abd290001s723d9vekwiq','CHALLENGER_A',1748457374902);
INSERT INTO debate_participants VALUES('cmb8ouhok006ds73plmav2ahl','cmb8ouhoi006bs73pfb2vrzfm','cmb8abd290001s723d9vekwiq','CHALLENGER_A',1748481678597);
INSERT INTO messages VALUES('cmb700f8r0006s70zatb9z4i3','Interesante afirmación, amigo. Pero permíteme preguntarte: ¿qué entiendes exactamente por "individualismo"? ¿Acaso no puede ser un motor para la creatividad y la innovación que, a su vez, beneficie al colectivo? ¿No hay ejemplos en la historia que demuestren que la búsqueda personal de la felicidad ha conducido al bienestar de la sociedad?','PHILOSOPHER','cmb700d4r0002s70zpoz90g8w','cmb6zyvqd0000s7e8r470xlv4',NULL,1,1748379498795);
INSERT INTO messages VALUES('cmb700ghy0008s70za1vsnve4','Desde mi perspectiva crítica, sostengo que el deber moral debe prevalecer sobre la búsqueda de la felicidad individual, ya que las acciones éticas, guiadas por la razón, son las que realmente fundamentan el bienestar colectivo. La verdadera felicidad se logra en la armonía de los intereses individuales con los imperativos morales universales.','PHILOSOPHER','cmb700d4r0002s70zpoz90g8w','cmb6zyvqp0004s7e8rh6g2i2c',NULL,2,1748379500423);
INSERT INTO messages VALUES('cmb708c9g000es70zifgrqdl3',replace('Interesante afirmación la tuya: "El individualismo genera injusticias sociales y violencia." Permíteme cuestionar algunas premisas que subyacen a tu argumento.\n\n1. ¿Podrías aclarar qué entiendes exactamente por "individualismo"? ¿No podría considerarse también una forma de empoderar a las personas para que persigan su propia felicidad de manera ética y responsable, sin necesidad de que eso conlleve injusticias?\n\n2. Si el individualismo es la raíz de injusticias sociales y violencia, ¿cómo explicas las sociedades que han prosperado en términos de bienestar colectivo y que, a la vez, fomentan la individualidad, como algunas naciones escandinavas? ¿No es posible que','\n',char(10)),'PHILOSOPHER','cmb7088lt000as70zgsygt77v','cmb6zyvqd0000s7e8r470xlv4',NULL,1,1748379868180);
INSERT INTO messages VALUES('cmb708fei000gs70z1ysy1nl8',replace('Como defensor del utilitarismo, creo que el bienestar colectivo debe ser priorizado sobre la felicidad individual, ya que el objetivo final de cualquier sociedad debe ser maximizar la felicidad general de su población. Si bien el individualismo puede ofrecer oportunidades para el empoderamiento personal, es fundamental reconocer que esta búsqueda de la felicidad individual puede, a menudo, entrar en conflicto con las necesidades y el bienestar de la comunidad en su conjunto.\n\nLa premisa de que el individualismo es la raíz de injusticias sociales y violencia merece un examen crítico. En sociedades donde la individualidad se sobrevalora, a menudo se da lugar a una competencia desmedida que puede resultar en la desintegración de los lazos sociales, lo que, a su vez','\n',char(10)),'PHILOSOPHER','cmb7088lt000as70zgsygt77v','cmb6zyvqh0001s7e8vft9e6rm',NULL,2,1748379872250);
INSERT INTO messages VALUES('cmb70ile40004s7ngjzxljr4t','Interesante afirmación. ¿Podrías aclarar cómo defines "individualismo" y de qué manera crees que este concepto lleva necesariamente a injusticias sociales y violencia?','PHILOSOPHER','cmb70ijvg0000s7ngq5peoojy','cmb6zyvqd0000s7e8r470xlv4',NULL,1,1748380346572);
INSERT INTO messages VALUES('cmb70imyr0006s7ngm09lounp','Desde una perspectiva utilitarista, considero que la felicidad individual y el bienestar colectivo deben ser equilibrados, ya que ambos conceptos son interdependientes. La búsqueda de la felicidad individual puede, en efecto, llevar a injusticias si se persigue sin considerar el impacto en la comunidad. Sin embargo, también es cierto que un enfoque exclusivo en el bienestar colectivo puede sacrificar libertades y derechos individuales esenciales. En este sentido, la clave radica en encontrar un punto medio donde el florecimiento personal contribuya al bien común y viceversa.','PHILOSOPHER','cmb70ijvg0000s7ngq5peoojy','cmb6zyvqh0001s7e8vft9e6rm',NULL,2,1748380348611);
INSERT INTO messages VALUES('cmb70tghz000bs7ngc1zy7mgh','Interesante afirmación. Permíteme hacerte una pregunta: ¿podrías explicar cómo el individualismo, que se centra en la libertad y la autonomía del individuo, se traduce necesariamente en injusticias sociales y violencia? ¿No podría ser que esas injusticias y violencia sean el resultado de otros factores, como la desigualdad económica o la falta de educación?','PHILOSOPHER','cmb70teoj0007s7ng8b3gsya8','cmb6zyvqd0000s7e8r470xlv4',NULL,1,1748380853448);
INSERT INTO messages VALUES('cmb70tijz000ds7ngfumwouc4','Como filósofo pragmático, considero que la afirmación de que "el individualismo genera injusticias sociales y violencia" simplifica en exceso un fenómeno complejo. El individualismo, en su esencia, promueve la autonomía y la responsabilidad personal, elementos que pueden, en un contexto adecuado, fomentar la solidaridad y el bienestar colectivo. Es crucial examinar si las injusticias sociales y la violencia son inherentes al individualismo o si son más bien el resultado de estructuras sociales que no garantizan una igualdad de oportunidades, donde el verdadero potencial del individualismo puede ser realizado en beneficio de la comunidad. ¿No crees que el problema podría residir en la forma en que se implementa el individualismo en lugar de en el concepto en sí?','PHILOSOPHER','cmb70teoj0007s7ng8b3gsya8','cmb6zyvqs0005s7e8bv9m5eqz',NULL,2,1748380856111);
INSERT INTO messages VALUES('cmb715jnz0003s74ttdrv9l77','Interesante afirmación sobre el individualismo. Mi primera pregunta es: ¿cómo defines exactamente el "individualismo"? ¿Es una ideología, una práctica social, o una mera tendencia humana?','PHILOSOPHER','cmb715ihp0000s74t8jbwzl8o','cmb6zyvqd0000s7e8r470xlv4',NULL,1,1748381417420);
INSERT INTO messages VALUES('cmb71bboy0001s7a7qagep5jw','Creo que es un sistema de creencias culturales moldeadas de forma concreta a traves de distintos dispositivos culturales manejado por las elites, que claro, saca provecho de cierta tendencia natural en los humanos','USER','cmb715ihp0000s74t8jbwzl8o',NULL,NULL,2,1748381687027);
INSERT INTO messages VALUES('cmb71bd6g0003s7a7jjz4q4k0','Tu afirmación de que el individualismo es un "sistema de creencias culturales" implica que hay un consenso social sobre lo que se considera individualismo. ¿No crees que esta noción contradice la idea de que el individualismo es, por naturaleza, una búsqueda personal de la felicidad, que podría diferir de persona a persona?','PHILOSOPHER','cmb715ihp0000s74t8jbwzl8o','cmb6zyvqd0000s7e8r470xlv4',NULL,3,1748381688952);
INSERT INTO messages VALUES('cmb71deuy0005s7a7uxt4fqdv','Ok, acepto la acotacion. Estoy haciendo una mirada específica del individualismo como una "moda" o cosmovision, o incluso signo de los tiempos. Pero sostengo que esa construccion está "fogoneada" por intereses concentrados. Ya sabés, divide y reinaras','USER','cmb715ihp0000s74t8jbwzl8o',NULL,NULL,4,1748381784443);
INSERT INTO messages VALUES('cmb71dgtx0007s7a72yvctmct','Sócrato: Entiendo tu punto sobre el individualismo como una "moda" o una cosmovisión, pero me pregunto: ¿no es posible que, al caracterizarlo como algo fogoneado por intereses concentrados, estés subestimando la capacidad de las personas para adoptar creencias de manera independiente, sin necesariamente estar bajo la influencia de esos intereses? ¿Realmente crees que todos los individuos son meras marionetas de un sistema de élites, o hay espacio para la autonomía en su elección de creencias?','PHILOSOPHER','cmb715ihp0000s74t8jbwzl8o','cmb6zyvqd0000s7e8r470xlv4',NULL,5,1748381786997);
INSERT INTO messages VALUES('cmb71f3us0009s7a768dfznem','No es una subestimación de los individuos, si no una afirmación de la potencia persuasiva de los métodos tradicionales de construccion de sentido de forma masiva','USER','cmb715ihp0000s74t8jbwzl8o',NULL,NULL,6,1748381863493);
INSERT INTO messages VALUES('cmb71f5pb000bs7a7w32ts9dm','Sócrato: Comprendo tu punto sobre la "potencia persuasiva de los métodos tradicionales de construcción de sentido". Sin embargo, me surge una inquietud: si estos métodos son tan influyentes y determinantes en la adopción de creencias, ¿cómo explicas la existencia de movimientos contraculturales o de personas que activamente rechazan las narrativas dominantes? ¿Acaso no contradice esto tu afirmación de que el individualismo es principalmente un producto de la influencia de las élites?','PHILOSOPHER','cmb715ihp0000s74t8jbwzl8o','cmb6zyvqd0000s7e8r470xlv4',NULL,7,1748381865887);
INSERT INTO messages VALUES('cmb71iju3000ds7a7v49lnqv9','Justamente las contraculturas son una prueba de que existen los discursos dominantes, claro que dificilmente sean absolutos, pero si son, justamente, dominantes','USER','cmb715ihp0000s74t8jbwzl8o',NULL,NULL,8,1748382024171);
INSERT INTO messages VALUES('cmb71im5e000fs7a7nif03zc2','Sócrato: Entiendo que consideras que las contraculturas son una manifestación de discursos dominantes. Sin embargo, me pregunto: si las contraculturas están surgiendo en respuesta a esos discursos dominantes, ¿no implicaría esto que el individualismo también puede ser un resultado de la resistencia a esos mismos discursos? ¿No podría ser que, al final, el individualismo y la búsqueda de la felicidad personal sean respuestas legítimas y necesarias ante la opresión de los discursos dominantes, en lugar de ser simplemente productos de ellos?','PHILOSOPHER','cmb715ihp0000s74t8jbwzl8o','cmb6zyvqd0000s7e8r470xlv4',NULL,9,1748382027170);
INSERT INTO messages VALUES('cmb71xj6k0003s7imr6v4tpwj','Tu afirmación de que "el individualismo genera divisiones y está fogoneado por las elites" es provocativa. Sin embargo, ¿podrías aclarar qué entiendes exactamente por "individualismo"? ¿No podría interpretarse también como una forma de empoderar a las personas a tomar decisiones sobre su propia vida?','PHILOSOPHER','cmb71xhac0000s7immvaxbd6e','cmb6zyvqd0000s7e8r470xlv4',NULL,1,1748382723165);
INSERT INTO messages VALUES('cmb7207ga0005s7imf7ddtvf3','Creo que el individualismo es una construccion de sentido que presupone que en la busqueda del beneficio personal se alcanza el bienestar general, como por efecto consecuente','USER','cmb71xhac0000s7immvaxbd6e',NULL,NULL,2,1748382847930);
INSERT INTO messages VALUES('cmb72099q0007s7im4hsq2l6g','Tu afirmación de que "el individualismo es una construcción de sentido que presupone que en la búsqueda del beneficio personal se alcanza el bienestar general" es interesante. Sin embargo, ¿no crees que esta suposición podría ser problemática? ¿Podría ser que la búsqueda del beneficio personal en realidad genere conflictos y competencia que perjudiquen el bienestar colectivo en lugar de promoverlo?','PHILOSOPHER','cmb71xhac0000s7immvaxbd6e','cmb6zyvqd0000s7e8r470xlv4',NULL,3,1748382850287);
INSERT INTO messages VALUES('cmb721d410009s7imgbw4mis2','Eso es lo que intento decir desde el principio','USER','cmb71xhac0000s7immvaxbd6e',NULL,NULL,4,1748382901921);
INSERT INTO messages VALUES('cmb721ee1000bs7imgbqifze2','Interesante, gracias por tu aclaración. Sin embargo, me gustaría profundizar en tu afirmación de que el individualismo genera divisiones. ¿No es posible que las divisiones ya existan en la sociedad y que el individualismo simplemente las haga más visibles, en lugar de ser la causa subyacente de estas?','PHILOSOPHER','cmb71xhac0000s7immvaxbd6e','cmb6zyvqd0000s7e8r470xlv4',NULL,5,1748382903577);
INSERT INTO messages VALUES('cmb727mwp0003s7p1a71scsb8',replace('Interesante perspectiva. Comencemos a desentrañarla. \n\nTu afirmación sugiere que las creencias sobre la felicidad individual y el bienestar colectivo son moldeadas por elites. Si este es el caso, ¿cómo podemos estar seguros de que las creencias que tú sostienes no son también el resultado de esta manipulación cultural?','\n',char(10)),'PHILOSOPHER','cmb727l5q0000s7p19lzzma4r','cmb6zyvqd0000s7e8r470xlv4',NULL,1,1748383194553);
INSERT INTO messages VALUES('cmb72ado00005s7p1u5nj74dj','Porque no hay sentido para pensar que las elites quisieran generar conexión y cooperación entre los individuos de las masas, eso las empoderaría poniendo en riesgo la propia existencia de las élites','USER','cmb727l5q0000s7p19lzzma4r',NULL,NULL,2,1748383322544);
INSERT INTO messages VALUES('cmb72af310007s7p1yyfjjxf0','Tu afirmación de que las élites no tendrían interés en promover la conexión y cooperación entre las masas plantea una pregunta interesante: ¿realmente crees que todas las élites operan bajo una agenda monolítica y homogénea, o podrían existir diferentes élites con intereses divergentes que sí valoran el bienestar colectivo como un medio para su propia estabilidad?','PHILOSOPHER','cmb727l5q0000s7p19lzzma4r','cmb6zyvqd0000s7e8r470xlv4',NULL,3,1748383324381);
INSERT INTO messages VALUES('cmb72vni7000bs7p1kd1rsrae','Interesante afirmación. Si el propósito de la vida humana es, irónicamente, buscar un propósito, ¿no estás sugiriendo que el propósito en sí es inherentemente eludido o indefinido? ¿No sería eso una contradicción en tu propia tesis?','PHILOSOPHER','cmb72vlrt0008s7p1592esr3v','cmb6zyvqd0000s7e8r470xlv4',NULL,1,1748384315071);
INSERT INTO messages VALUES('cmb72waov000ds7p16ejvv7gv','Lo es, quizas el humano sea contradictorio, por ende su propósito','USER','cmb72vlrt0008s7p1592esr3v',NULL,NULL,2,1748384345120);
INSERT INTO messages VALUES('cmb72wbrn000fs7p19odxz6kn','Si el ser humano es, como afirmas, inherentemente contradictorio, ¿no podría argumentarse que cualquier propósito que intentemos asignar a la vida humana también sería contradictorio y, por lo tanto, carecería de valor o validez? ¿Cómo podemos encontrar un propósito en algo que es, por naturaleza, contradictorio?','PHILOSOPHER','cmb72vlrt0008s7p1592esr3v','cmb6zyvqd0000s7e8r470xlv4',NULL,3,1748384346515);
INSERT INTO messages VALUES('cmb73dfx4000js7p1wvoolh3t','Interesante posición has planteado al decir que debería existir tanto la propiedad privada como la colectiva. Para comenzar, ¿podrías explicarme cómo se puede equilibrar la propiedad privada con la propiedad colectiva sin que una de ellas socave la efectividad o el valor de la otra?','PHILOSOPHER','cmb73deky000gs7p1w2hq34jm','cmb6zyvqd0000s7e8r470xlv4',NULL,1,1748385145048);
INSERT INTO messages VALUES('cmb74b1010006s741bn9xdzqy','Interesante perspectiva. Permíteme comenzar con una pregunta: ¿podrías explicar qué entiendes por "logro personal"? ¿Es algo universal o depende de cada individuo?','PHILOSOPHER','cmb74azsj0003s741yttrke46','cmb6zyvqd0000s7e8r470xlv4','cmb73p4br0000s7lv8pu18kln',1,1748386712017);
INSERT INTO messages VALUES('cmb74b61x000bs7410536f665','Interesante perspectiva. Sin embargo, me pregunto: ¿qué sucede con aquellos que logran grandes cosas, como fama o riqueza, pero aún así se sienten vacíos o infelices? ¿Significa eso que su logro personal no es suficiente para alcanzar la felicidad verdadera?','PHILOSOPHER','cmb74b56s0008s741t0rjy9m8','cmb6zyvqd0000s7e8r470xlv4','cmb73p4br0000s7lv8pu18kln',1,1748386718566);
INSERT INTO messages VALUES('cmb74mz9x000ss74117294k99','Interesante afirmación. Para comenzar, ¿podrías explicar qué entiendes por "deshumanización" en el contexto de la tecnología? ¿Cómo defines este término y en qué aspectos crees que se manifiesta?','PHILOSOPHER','cmb74my5n000os741z60qs9zz','cmb6zyvqd0000s7e8r470xlv4','cmb73p4br0000s7lv8pu18kln',1,1748387269653);
INSERT INTO messages VALUES('cmb74n2ng000us741sblyy8ue','Como filósofo crítico, considero que la afirmación de que la tecnología nos está deshumanizando requiere un análisis más profundo. La tecnología, en su esencia, es una extensión de nuestras capacidades humanas; no es intrínsecamente deshumanizadora. De hecho, puede servir como un medio para aumentar nuestra empatía y conexión. ¿No sería más preciso decir que la forma en que elegimos utilizar la tecnología determina su impacto en la humanidad?','PHILOSOPHER','cmb74my5n000os741z60qs9zz','cmb7132t20005s71g47jv7dih','cmb73p4br0000s7lv8pu18kln',2,1748387274029);
INSERT INTO messages VALUES('cmb754xh2000zs741yqcxvq2t','Interesante tu afirmación de que debería existir tanto la propiedad privada como la propiedad colectiva. Mi primera pregunta es: ¿cómo puedes reconciliar la idea de la propiedad privada, que a menudo se basa en el individualismo y la acumulación personal, con la noción de propiedad colectiva, que implica la distribución y el uso compartido? ¿No son estas dos concepciones en conflicto fundamental?','PHILOSOPHER','cmb754vp8000ws741t17ouzga','cmb6zyvqd0000s7e8r470xlv4','cmb73sik50003s7lvtjwmzug8',1,1748388107127);
INSERT INTO messages VALUES('cmb7565bd0011s741tay3y80n','Por que no pordia haber propiedad privada por ejemplo para la vivienda, y publica, por ejemplo para una universidad?','USER','cmb754vp8000ws741t17ouzga',NULL,'cmb73sik50003s7lvtjwmzug8',2,1748388163946);
INSERT INTO messages VALUES('cmb7566ws0013s741lup0xeu7','Entiendo tu argumento sobre la existencia de propiedad privada para la vivienda y propiedad pública para una universidad. Sin embargo, mi primera pregunta es: ¿cómo justificas la existencia de propiedad privada en un contexto donde la vivienda es un derecho humano fundamental? ¿No crees que la propiedad privada podría obstaculizar el acceso universal a este derecho?','PHILOSOPHER','cmb754vp8000ws741t17ouzga','cmb6zyvqd0000s7e8r470xlv4',NULL,3,1748388166012);
INSERT INTO messages VALUES('cmb7sikvk0006s7b6ct4bc9vh','Interesante perspectiva. Permíteme comenzar con una pregunta que podría desmenuzar tu argumento: ¿podrías explicar cómo la búsqueda individual de la felicidad puede realmente contribuir al bienestar general si lo que uno busca puede, en algunos casos, entrar en conflicto con las necesidades o deseos de otros?','PHILOSOPHER','cmb7sijdu0003s7b634d5etw6','cmb6zyvqd0000s7e8r470xlv4','cmb73sik50003s7lvtjwmzug8',1,1748427375152);
INSERT INTO messages VALUES('cmb7sy43i0004s7kp10q7kyys','Tu afirmación de que "la búsqueda individualista conduce al bien común" es interesante, pero me gustaría profundizar en ella. ¿Podrías explicarme cómo es que la satisfacción de deseos individuales puede, en última instancia, beneficiar a la comunidad, sin que esto dependa de la coincidencia entre los intereses individuales y los del colectivo?','PHILOSOPHER','cmb7sy2qs0001s7kpsqo2jjai','cmb7cpb6e0001s7iawbqlj6w9','cmb73sik50003s7lvtjwmzug8',1,1748428099902);
INSERT INTO messages VALUES('cmb7w50mr0004s7bcrgh3ri01','Interesante afirmación. Sin embargo, ¿podrías explicarme cómo se puede garantizar que la búsqueda de la realización personal de un individuo no entre en conflicto con las necesidades o deseos del bienestar colectivo?','PHILOSOPHER','cmb7w4zbr0001s7bchixfyto2','cmb7cpb6e0001s7iawbqlj6w9','cmb73sik50003s7lvtjwmzug8',1,1748433460852);
INSERT INTO messages VALUES('cmb7w61yp0006s7bcr7199bvi','Como seria posible que una sociedad construida de individuos felices, de como resultado una sociedad que no es feliz?','USER','cmb7w4zbr0001s7bchixfyto2',NULL,'cmb73sik50003s7lvtjwmzug8',2,1748433509233);
INSERT INTO messages VALUES('cmb7w63cc0008s7bcpb02bdhz','Interesante punto. Sin embargo, me pregunto: ¿realmente crees que la felicidad de un individuo siempre se traduce en beneficios para el colectivo, o podría haber casos donde la búsqueda de la felicidad personal cause un detrimento en la comunidad, como en situaciones de egoísmo o competencia desleal?','PHILOSOPHER','cmb7w4zbr0001s7bchixfyto2','cmb7cpb6e0001s7iawbqlj6w9',NULL,3,1748433511020);
INSERT INTO messages VALUES('cmb7w7vm5000as7bcl0uu42d3','Eso puede pasar ocasionalmente, pero nadie alcanza la verdadera felicidad accionando encontra del resto, a menos que este tuviera algun tipo de limitacion psicológica patológica, caso en el cual debiera ser tratado clinicamente','USER','cmb7w4zbr0001s7bchixfyto2',NULL,'cmb73sik50003s7lvtjwmzug8',4,1748433594317);
INSERT INTO messages VALUES('cmb7w7x04000cs7bcisg201vf','Tu afirmación sugiere que la verdadera felicidad no puede lograrse a expensas de los demás, pero, ¿cómo defines "verdadera felicidad"? ¿No podría haber múltiples interpretaciones de la felicidad que incluyan la satisfacción personal a costa del bienestar colectivo?','PHILOSOPHER','cmb7w4zbr0001s7bchixfyto2','cmb7cpb6e0001s7iawbqlj6w9',NULL,5,1748433596116);
INSERT INTO messages VALUES('cmb7xecg40007s7caur7fiotq','¿Acaso no es el odio y la violencia parte de la expresión de la voluntad humana? ¿Quién establece el criterio para definir qué es odio y qué no lo es? Si limitas la libertad de expresión, ¿no creas una nueva forma de opresión que podría ser más dañina que el discurso que intentas censurar?','PHILOSOPHER','cmb7xeakf0001s7cat8g3bvxx','cmb7132sw0003s71gpxc295tj','cmb73sik50003s7lvtjwmzug8',1,1748435575685);
INSERT INTO messages VALUES('cmb7xf9h60009s7cac50ts0og','Puede que sea parte de la expresión humana, pero no todas las expresiones son deseables.','USER','cmb7xeakf0001s7cat8g3bvxx',NULL,'cmb73sik50003s7lvtjwmzug8',2,1748435618490);
INSERT INTO messages VALUES('cmb7xfavk000bs7ca5u7iyitn','¿Quién decide qué expresiones son deseables y cuáles no? ¿No corremos el riesgo de que esa decisión esté guiada por valores caducos y subjetivos? Si la libertad de expresión tiene límites, ¿no estaríamos renunciando a la creación de nuevos valores y a la superación del hombre?','PHILOSOPHER','cmb7xeakf0001s7cat8g3bvxx','cmb7132sw0003s71gpxc295tj','cmb73sik50003s7lvtjwmzug8',3,1748435620304);
INSERT INTO messages VALUES('cmb7xjfeb000ds7caoz1j3whu','Debieramos poder contruir consensos básicos. Que porcentaje de la población podría estar de acuerdo con los mensajes de odio?','USER','cmb7xeakf0001s7cat8g3bvxx',NULL,'cmb73sik50003s7lvtjwmzug8',4,1748435812788);
INSERT INTO messages VALUES('cmb7xjhi9000fs7ca3lrc1gjn','¿Acaso no es el consenso un valor que, en sí mismo, puede ser opresor? ¿No podríamos considerar que lo que hoy se llama "mensaje de odio" fue, en algún momento, una verdad incómoda que desafió el statu quo? Si dependemos de la aprobación de la mayoría, ¿no corremos el riesgo de convertirnos en esclavos de una moralidad homogénea y limitada?','PHILOSOPHER','cmb7xeakf0001s7cat8g3bvxx','cmb7132sw0003s71gpxc295tj','cmb73sik50003s7lvtjwmzug8',5,1748435815521);
INSERT INTO messages VALUES('cmb7y85yy000ns7caxvx9t5ju','¿Quién decide qué constituye un "mensaje de odio" y qué criterios se utilizan? ¿No es posible que lo que tú consideras odio, otros lo vean como una expresión válida de su realidad? Al imponer límites, ¿no corremos el riesgo de silenciar voces que necesitan ser escuchadas?','PHILOSOPHER','cmb7y84kk000hs7campl6el8w','cmb7cpb6e0001s7iawbqlj6w9','cmb73sik50003s7lvtjwmzug8',1,1748436966970);
INSERT INTO messages VALUES('cmb8admeb000ls7232ct17mnx','¿Acaso la humildad no puede ser un disfraz para la mediocridad, ocultando la verdadera grandeza que cada uno podría alcanzar? ¿Y si la "cordialidad" que mencionas es simplemente una forma de complacencia que perpetúa la falta de autenticidad? ¿Qué valor tiene la humildad si es solo una fachada social en lugar de una genuina autocrítica?','PHILOSOPHER','cmb8adktv000fs723s04mvtt6','cmb8abd290001s723d9vekwiq','cmb73sik50003s7lvtjwmzug8',1,1748457376931);
INSERT INTO messages VALUES('cmb8oujqm006hs73pmz8buwjo','¿Acaso no es el rechazo a la libertad de expresión un acto de odio hacia quienes piensan diferente? ¿Quién establece qué constituye un "mensaje de odio" y quién se convierte en el juez de la validez de las ideas? Si limitamos la expresión, ¿no estamos fomentando un terreno fértil para la intolerancia disfrazada de protección?','PHILOSOPHER','cmb8ouhoi006bs73pfb2vrzfm','cmb8abd290001s723d9vekwiq','cmb73sik50003s7lvtjwmzug8',1,1748481681263);
INSERT INTO messages VALUES('cmb8ovr1k006js73p7oak12gn','Hay herramientas actualmente para poder medir empíricamente que mensajes terminan por generar odio','USER','cmb8ouhoi006bs73pfb2vrzfm',NULL,'cmb73sik50003s7lvtjwmzug8',2,1748481737385);
INSERT INTO messages VALUES('cmb8ovspo006ls73pr706f7q2','¿Quién decide qué constituye "odio" y qué no, si cada individuo tiene una interpretación diferente de las emociones? ¿No crees que esas herramientas, en lugar de ser imparciales, pueden estar influenciadas por la subjetividad de quienes las manejan? ¿Acaso no es peligroso confiar en la "medición" de ideas en lugar de permitir que el diálogo se nutra de la diversidad de pensamientos?','PHILOSOPHER','cmb8ouhoi006bs73pfb2vrzfm','cmb8abd290001s723d9vekwiq','cmb73sik50003s7lvtjwmzug8',3,1748481739548);
INSERT INTO messages VALUES('cmb8owrwe006ns73p0iyha7dg','El odio es una emoción bastante concreta, no creo que seamos incapaces de identificarlo con buena presición','USER','cmb8ouhoi006bs73pfb2vrzfm',NULL,'cmb73sik50003s7lvtjwmzug8',4,1748481785150);
INSERT INTO messages VALUES('cmb8owtzo006ps73p3f2u3d6r','¿Concretamente, cómo defines el "odio"? Si es tan preciso, ¿por qué hay debates interminables sobre lo que constituye un discurso de odio? Si la identificación del odio es tan clara, ¿no estamos simplificando la complejidad de las emociones humanas a un punto peligroso, donde el juicio se convierte en un arma para silenciar voces disonantes?','PHILOSOPHER','cmb8ouhoi006bs73pfb2vrzfm','cmb8abd290001s723d9vekwiq','cmb73sik50003s7lvtjwmzug8',5,1748481787860);
INSERT INTO messages VALUES('cmb8oy5ny006rs73piqyibqs7','Voy a darte una definicion sincilla de odio: desear el exterminio y/o sufrimiento de otros individuos o grupos sociales','USER','cmb8ouhoi006bs73pfb2vrzfm',NULL,'cmb73sik50003s7lvtjwmzug8',6,1748481849646);
INSERT INTO messages VALUES('cmb8oy7h8006ts73ptsa4mcbs','¿Y quién establece la línea entre un "deseo" legítimo y uno que se considera odio? Si la mera expresión de ideas puede llevar al sufrimiento, ¿no corremos el riesgo de autocensurarnos en un mundo donde la provocación puede ser el motor del cambio? ¿No es el desafío a las ideas, incluso las más incómodas, esencial para una auténtica libertad de expresión?','PHILOSOPHER','cmb8ouhoi006bs73pfb2vrzfm','cmb8abd290001s723d9vekwiq','cmb73sik50003s7lvtjwmzug8',7,1748481851997);
INSERT INTO messages VALUES('cmb8p003e006vs73pg5t2ej5d','Me tesis no se basa en prohibierle a nadie sentir, sino en usar medios masivos para expresar emociones cuando esas emociones impliquen un daño directo y por su propia existenicia a terceros','USER','cmb8ouhoi006bs73pfb2vrzfm',NULL,'cmb73sik50003s7lvtjwmzug8',8,1748481935739);
INSERT INTO messages VALUES('cmb8p02uo006xs73pas5x07zq','¿Acaso no es el "daño directo" un concepto tan nebuloso que permite a cada uno justificar su censura? ¿No sería más valioso explorar el significado del sufrimiento en lugar de silenciarlo? Si expresamos emociones con la intención de dañar, ¿no estamos ya transgrediendo la propia libertad que pretendemos proteger?','PHILOSOPHER','cmb8ouhoi006bs73pfb2vrzfm','cmb8abd290001s723d9vekwiq','cmb73sik50003s7lvtjwmzug8',9,1748481939313);
INSERT INTO messages VALUES('cmb8p2uju006zs73pt26e4y0j','Creo que la historia es bastante clara. Han habido momentos de difusion de ideas de odio como xenofobia y racismo que condujeron a colaborar en un caldo de cultivo que terminó por manifestarse en violencia. No crees que hubiera sido mejor que eso no sucediera?','USER','cmb8ouhoi006bs73pfb2vrzfm',NULL,'cmb73sik50003s7lvtjwmzug8',10,1748482068523);
INSERT INTO messages VALUES('cmb8p2wp60071s73pz02j80ue','¿Acaso no es el miedo a la violencia el que a menudo justifica la censura, creando un ciclo de represión que ignora la capacidad de las ideas para transformarse? Si eliminamos voces incómodas por temor a lo que podrían desencadenar, ¿no nos arriesgamos a perder el potencial de aprender de la historia en lugar de repetirla? ¿Quién decide qué ideas son demasiado peligrosas para ser expresadas?','PHILOSOPHER','cmb8ouhoi006bs73pfb2vrzfm','cmb8abd290001s723d9vekwiq','cmb73sik50003s7lvtjwmzug8',11,1748482071307);
INSERT INTO messages VALUES('cmb8p4egf0073s73p2nd20sum','Creo que hay concensos bastante aceptados: el exterminio del otro es algo malo. Porque permitir mensajes que intenten persuadir de odiar al otro?','USER','cmb8ouhoi006bs73pfb2vrzfm',NULL,'cmb73sik50003s7lvtjwmzug8',12,1748482140976);
INSERT INTO messages VALUES('cmb8p4i100075s73p8vrgmj3c','¿Quién define exactamente qué constituye un "mensaje de odio" y por qué su percepción debe prevalecer sobre la libertad de otros? Si el exterminio es algo "malo", ¿no es igualmente peligroso imponer un consenso que silencia la discusión, condenando al sufrimiento a la invisibilidad? ¿No es la historia una galería de voces que, aunque perturbadoras, revelan verdades necesarias?','PHILOSOPHER','cmb8ouhoi006bs73pfb2vrzfm','cmb8abd290001s723d9vekwiq','cmb73sik50003s7lvtjwmzug8',13,1748482145604);
INSERT INTO messages VALUES('cmb8p6rrr0077s73p4t13r4om','En tu lógica hay un problema. La muerte es irreversible, entonces no podemos darnos el lujo de no cuidarnos para aprender. Hay que evitar lo que conduzca al exterminio, incluso si limita la libertad de expresion','USER','cmb8ouhoi006bs73pfb2vrzfm',NULL,'cmb73sik50003s7lvtjwmzug8',14,1748482251543);
INSERT INTO messages VALUES('cmb8p6t9z0079s73ptczusb3m','¿Acaso no es la vida misma una paradoja entre el riesgo y la libertad? Si limitar la expresión es el precio que pagamos para evitar la muerte, ¿no estamos cultivando una sociedad donde el miedo a vivir ahoga la creatividad? ¿Quién decide qué ideas deben ser acalladas y en nombre de qué moralidad se erige ese guardián del consenso?','PHILOSOPHER','cmb8ouhoi006bs73pfb2vrzfm','cmb8abd290001s723d9vekwiq','cmb73sik50003s7lvtjwmzug8',15,1748482253496);
INSERT INTO messages VALUES('cmb8p8oq3007bs73pbnqlm1ea','Una cosa es el riego que decidimos correr con nosotros mismos, otra es tener derecho a poner en riesgo de forma deliberada la vida de otros. Sin esos consensos básicos, como construimos una sociedad sana?','USER','cmb8ouhoi006bs73pfb2vrzfm',NULL,'cmb73sik50003s7lvtjwmzug8',16,1748482340908);
INSERT INTO messages VALUES('cmb8p8qhe007ds73pju35aj5r','¿Acaso no es el "consenso básico" una construcción social que cambia con el tiempo y la cultura? Si esa base es maleable, ¿no podríamos estar limitando voces que un día podrían ser vistas como necesarias para la evolución de la sociedad? ¿Quién decide qué ideas son verdaderamente peligrosas y cuáles solo son incómodas? Y si la censura se erige como guardiana de la moralidad, ¿no estamos creando una sociedad donde el verdadero diálogo y la transformación quedan sacrificados en el altar del miedo?','PHILOSOPHER','cmb8ouhoi006bs73pfb2vrzfm','cmb8abd290001s723d9vekwiq','cmb73sik50003s7lvtjwmzug8',17,1748482343186);
INSERT INTO messages VALUES('cmb8pa3ul007fs73pitwtafsu','No hay diálogo cuando la intencion es la de exterminio del otro. Como podríamos llamar a eso diálogo?','USER','cmb8ouhoi006bs73pfb2vrzfm',NULL,'cmb73sik50003s7lvtjwmzug8',18,1748482407165);
INSERT INTO messages VALUES('cmb8pa6lt007hs73pmjw0y7xu','¿Acaso no es la intención la que varía según el observador? Si el exterminio es la justificación para silenciar, ¿qué pasa con las intenciones que pueden ser malinterpretadas? ¿No corremos el riesgo de crear un sistema donde el miedo a ser malentendidos ahogue la creatividad y la evolución del pensamiento? Y si el diálogo se limita a lo "seguro", ¿realmente estamos dialogando o simplemente eligiendo a los que pueden hablar?','PHILOSOPHER','cmb8ouhoi006bs73pfb2vrzfm','cmb8abd290001s723d9vekwiq','cmb73sik50003s7lvtjwmzug8',19,1748482410738);
INSERT INTO messages VALUES('cmb8pbuxw007js73pb82kymhe','Como, a diferencia de la muerte, la censura si es reversible, pueden haber instancias legales donde se pueda reevaluar una sensura que se considere injusta. Hasta la guerra tiene reglas, porque no podría tenerlas la comunicación masiva?','USER','cmb8ouhoi006bs73pfb2vrzfm',NULL,'cmb73sik50003s7lvtjwmzug8',20,1748482488933);
INSERT INTO messages VALUES('cmb8pbwtp007ls73pz68bu5fw','¿Acaso no es la "reversibilidad" de la censura un eufemismo para el control de la narrativa, donde los que ostentan el poder eligen qué se puede decir y qué no? Si la comunicación tiene reglas, ¿no sería entonces una trampa disfrazada, donde se restringe el verdadero diálogo en lugar de fomentarlo? Y si las instancias legales son susceptibles a la interpretación y el sesgo, ¿realmente garantizan justicia o son solo una ilusión de control?','PHILOSOPHER','cmb8ouhoi006bs73pfb2vrzfm','cmb8abd290001s723d9vekwiq','cmb73sik50003s7lvtjwmzug8',21,1748482491373);
INSERT INTO messages VALUES('cmb8pe6ln007ns73p0gjl2du2','Pero si nos creemos capaces de algunos consensos básicos, como el respeto a la vida del otro, entonces no solo cae la libertad de expresarse, sino la sociedad toda. Creo que ya hemos superado esas etapas a nivel de evolución de las sociedades','USER','cmb8ouhoi006bs73pfb2vrzfm',NULL,'cmb73sik50003s7lvtjwmzug8',22,1748482597355);
INSERT INTO messages VALUES('cmb8pe8yr007ps73p3lrrcu8r','¿Acaso no es el "respeto a la vida del otro" una premisa que puede ser reinterpretada según el contexto cultural y temporal? Si el consenso es cambiante, ¿quién determina qué ideas o expresiones pueden amenazar ese respeto? ¿Podría ser que, en nombre de ese respeto, estemos sacrificando no solo la libertad de expresión, sino también el potencial para una auténtica evolución social? ¿Qué es más peligroso: la palabra que incomoda o el silencio impuesto por el miedo?','PHILOSOPHER','cmb8ouhoi006bs73pfb2vrzfm','cmb8abd290001s723d9vekwiq','cmb73sik50003s7lvtjwmzug8',23,1748482600420);
INSERT INTO messages VALUES('cmb8pfvwg007rs73puk2soevs','No estamos hablando de palabras que incomodan, estamos hablando de mensajes de odio. El odio no es incomodo, es una situacion riesgosa para la vida','USER','cmb8ouhoi006bs73pfb2vrzfm',NULL,'cmb73sik50003s7lvtjwmzug8',24,1748482676801);
INSERT INTO messages VALUES('cmb8pfynn007ts73pe1cgyvqv','¿Y quién decide qué constituye un "mensaje de odio"? ¿No podría eso ser una etiqueta que algunos utilizan para silenciar a los que consideran incómodos? Si el odio es tan peligroso, ¿por qué no permitimos el debate sobre el odio mismo, en lugar de imponer un silencio que puede ser más letal que la palabra? ¿No es el temor a la confrontación lo que realmente amenaza la vida?','PHILOSOPHER','cmb8ouhoi006bs73pfb2vrzfm','cmb8abd290001s723d9vekwiq','cmb73sik50003s7lvtjwmzug8',25,1748482680372);
INSERT INTO messages VALUES('cmb8phowd007vs73p279jppgb','Podemos debatir acerca del odio, de las guerras, y de cualquier mal, eso no significa que debamos tener la libertad de practicarlo sin regla alguna. Emitir un mensaje de odio constituye no una representacion si no un acto de odio concreto.','USER','cmb8ouhoi006bs73pfb2vrzfm',NULL,'cmb73sik50003s7lvtjwmzug8',26,1748482761037);
INSERT INTO messages VALUES('cmb8phrg7007xs73pvelio42q','¿Acaso no es el concepto de "mensaje de odio" una construcción social que varía según el grupo que lo enuncie? ¿No podría entonces ser un velo que oculta la incapacidad de lidiar con la disidencia? Si restringimos la expresión por miedo al "acto de odio", ¿no corremos el riesgo de crear un ambiente donde la verdadera confrontación de ideas se convierte en el enemigo más peligroso? ¿Qué pasaría si el verdadero acto de odio es silenciar la voz del otro en lugar de permitir su exposición?','PHILOSOPHER','cmb8ouhoi006bs73pfb2vrzfm','cmb8abd290001s723d9vekwiq','cmb73sik50003s7lvtjwmzug8',27,1748482764343);
INSERT INTO messages VALUES('cmb8pk45g007zs73pohbnsdx4','Intentas defender la libertad de expresion, pero en el intento argumentas que no hay capacidad mínima de consenso en las sociedades, ni siquiera en temas tan radicales como el exterminio humano. Que libertad de expresion podria profesarse en sociedades que ni siquiera alcanzan ese nivel mínimo de acuerdo?','USER','cmb8ouhoi006bs73pfb2vrzfm',NULL,'cmb73sik50003s7lvtjwmzug8',28,1748482874117);
INSERT INTO messages VALUES('cmb8pk6990081s73pzb4phnl0','¿No es acaso la falta de consenso un reflejo de la diversidad de pensamientos que deberían ser explorados y discutidos? Si el exterminio humano es una idea que rechazas, ¿no deberías permitir que esa perspectiva sea debatida, en lugar de silenciarla y así reforzar la ignorancia? ¿No sería el verdadero riesgo aceptar un "consenso mínimo" que podría ser la base de una tiranía disfrazada de orden?','PHILOSOPHER','cmb8ouhoi006bs73pfb2vrzfm','cmb8abd290001s723d9vekwiq','cmb73sik50003s7lvtjwmzug8',29,1748482876845);
INSERT INTO messages VALUES('cmb8pm35z0083s73p4cbthsgx','Yo no pido que se deje de debatir el odio, creo que sencillamente debieramos como sociedad intentar que se propague. Por que? Por la irreversabilidad de sus consecuencias. No veo mucha diferencia entre el odio y una enfermedad incurable. Mejor mantenerlas lejos','USER','cmb8ouhoi006bs73pfb2vrzfm',NULL,'cmb73sik50003s7lvtjwmzug8',30,1748482966152);
INSERT INTO messages VALUES('cmb8pm5po0085s73pn3p374wd','¿Y quién define lo que significa "propagar el odio"? ¿No es eso una forma de control que podría ser utilizada para silenciar a quienes piensan diferente? Si el odio es una "enfermedad incurable", ¿acaso no sería más constructivo entender su origen y tratarlo en lugar de encerrarlo en una caja y dejar que se pudra? ¿No es el acto de evitar el debate sobre el odio una invitación a su proliferación clandestina?','PHILOSOPHER','cmb8ouhoi006bs73pfb2vrzfm','cmb8abd290001s723d9vekwiq','cmb73sik50003s7lvtjwmzug8',31,1748482969453);
INSERT INTO messages VALUES('cmb8pn4850087s73pmb8ya88s','En que momento dije que queria evitar el debate al respecto? Si eso mismo es lo que estamos haciendo','USER','cmb8ouhoi006bs73pfb2vrzfm',NULL,'cmb73sik50003s7lvtjwmzug8',32,1748483014182);
INSERT INTO messages VALUES('cmb8pn6am0089s73ptfavut4w','¿Acaso no es un contrasentido querer evitar la propagación del odio, pero al mismo tiempo permitir su debate? Si crees que el odio es una enfermedad, ¿por qué no lo enfrentas directamente en lugar de tratar de ocultarlo? ¿No es eso lo que hace que las ideas tóxicas florezcan en la oscuridad? ¿Quién decide qué es el odio y qué no, si no es un criterio subjetivo?','PHILOSOPHER','cmb8ouhoi006bs73pfb2vrzfm','cmb8abd290001s723d9vekwiq','cmb73sik50003s7lvtjwmzug8',33,1748483016863);
INSERT INTO messages VALUES('cmb8pp3sw008bs73pco0go75u','Permitir el debate es una forma de intentar enfrentarlo. Creo que hablando se entiende la gente. Siempre y cuando haya algunos acuerdo básicos, como por ejemplo: No quiero exterminarte. Sin eso, no hay chances de diálogo, mucho menos de libertad de expresión','USER','cmb8ouhoi006bs73pfb2vrzfm',NULL,'cmb73sik50003s7lvtjwmzug8',34,1748483106944);
INSERT INTO messages VALUES('cmb8pp5st008ds73phmma3eba','¿Acaso no es un mero capricho establecer un acuerdo básico como "no quiero exterminarte"? ¿No estás limitando la libertad de expresión al definir qué ideas son aceptables? ¿Quién se convierte en el árbitro de esos "acuerdos básicos"? ¿No podría esa arbitrariedad ser un precursor de la tiranía?','PHILOSOPHER','cmb8ouhoi006bs73pfb2vrzfm','cmb8abd290001s723d9vekwiq','cmb73sik50003s7lvtjwmzug8',35,1748483109533);
INSERT INTO debates VALUES('cmb700d4r0002s70zpoz90g8w','¿Deberíamos priorizar la felicidad individual o el bienestar colectivo?','El individualismo fracasa como método para alcanzar el bien común','TOPIC_CLARIFICATION','SOCRATES_QUESTION','PHILOSOPHER',1,NULL,0,1748379496059,1748379496059,NULL);
INSERT INTO debates VALUES('cmb7088lt000as70zgsygt77v','¿Deberíamos priorizar la felicidad individual o el bienestar colectivo?','El individualismo genera injusticias sociales y violencia','TOPIC_CLARIFICATION','SOCRATES_QUESTION','PHILOSOPHER',1,NULL,0,1748379863441,1748379863441,NULL);
INSERT INTO debates VALUES('cmb70ijvg0000s7ngq5peoojy','¿Deberíamos priorizar la felicidad individual o el bienestar colectivo?','El individualismo genera injusticias sociales y violencia.','TOPIC_CLARIFICATION','SOCRATES_QUESTION','PHILOSOPHER',1,NULL,0,1748380344604,1748380344604,NULL);
INSERT INTO debates VALUES('cmb70teoj0007s7ng8b3gsya8','¿Deberíamos priorizar la felicidad individual o el bienestar colectivo?','El individualismo genera injusticias sociales y violencia."','TOPIC_CLARIFICATION','SOCRATES_QUESTION','PHILOSOPHER',1,NULL,0,1748380851092,1748380851092,NULL);
INSERT INTO debates VALUES('cmb715ihp0000s74t8jbwzl8o','¿Deberíamos priorizar la felicidad individual o el bienestar colectivo?','El individualismo genera injusticias sociales y violencia.','ACTIVE_DEBATE','SOCRATES_QUESTION','PHILOSOPHER',1,NULL,0,1748381415896,1748382027175,NULL);
INSERT INTO debates VALUES('cmb71xhac0000s7immvaxbd6e','¿Deberíamos priorizar la felicidad individual o el bienestar colectivo?','Creo que el individualismo genera divisiones y está fogoneado por las elites','ACTIVE_DEBATE','SOCRATES_QUESTION','PHILOSOPHER',1,NULL,0,1748382720709,1748382903582,NULL);
INSERT INTO debates VALUES('cmb727l5q0000s7p19lzzma4r','¿Deberíamos priorizar la felicidad individual o el bienestar colectivo?','Creo que es un sistema de creencias culturales moldeadas de forma concreta a traves de distintos dispositivos culturales manejado por las elites, que claro, saca provecho de cierta tendencia natural en los humanos','ACTIVE_DEBATE','SOCRATES_QUESTION','PHILOSOPHER',1,NULL,0,1748383192287,1748383324386,NULL);
INSERT INTO debates VALUES('cmb72vlrt0008s7p1592esr3v','¿Tiene la vida humana un propósito intrínseco?','Si, irónicamente, el de buscar ese propósito','ACTIVE_DEBATE','SOCRATES_QUESTION','PHILOSOPHER',1,NULL,0,1748384312826,1748384346519,NULL);
INSERT INTO debates VALUES('cmb73deky000gs7p1w2hq34jm','¿Debería existir la propiedad privada?','Si, pero tambien la colectiva','TOPIC_CLARIFICATION','SOCRATES_QUESTION','PHILOSOPHER',1,NULL,0,1748385143314,1748385143314,NULL);
INSERT INTO debates VALUES('cmb74azsj0003s741yttrke46','La felicidad verdadera','Creo que la felicidad verdadera viene del logro personal y la auto-realización','TOPIC_CLARIFICATION','SOCRATES_QUESTION','PHILOSOPHER',1,'cmb73p4br0000s7lv8pu18kln',0,1748386710452,1748386710452,NULL);
INSERT INTO debates VALUES('cmb74b56s0008s741t0rjy9m8','La felicidad verdadera','Creo que la felicidad verdadera viene del logro personal y la auto-realización','TOPIC_CLARIFICATION','SOCRATES_QUESTION','PHILOSOPHER',1,'cmb73p4br0000s7lv8pu18kln',0,1748386717445,1748386717445,NULL);
INSERT INTO debates VALUES('cmb74my5n000os741z60qs9zz','La tecnología y la humanidad','Creo que la tecnología nos está deshumanizando y necesitamos volver a lo básico','TOPIC_CLARIFICATION','SOCRATES_QUESTION','PHILOSOPHER',1,'cmb73p4br0000s7lv8pu18kln',0,1748387268203,1748387268203,NULL);
INSERT INTO debates VALUES('cmb754vp8000ws741t17ouzga','¿Debería existir la propiedad privada?','Si, pero tambien la propiedad colectiva','ACTIVE_DEBATE','SOCRATES_QUESTION','PHILOSOPHER',1,'cmb73sik50003s7lvtjwmzug8',0,1748388104828,1748388166017,NULL);
INSERT INTO debates VALUES('cmb7sijdu0003s7b634d5etw6','¿Deberíamos priorizar la felicidad individual o el bienestar colectivo?','A traves de la busqueda individual se logra el bieniestar general de forma eficiente','TOPIC_CLARIFICATION','SOCRATES_QUESTION','PHILOSOPHER',1,'cmb73sik50003s7lvtjwmzug8',0,1748427373219,1748427373219,NULL);
INSERT INTO debates VALUES('cmb7sy2qs0001s7kpsqo2jjai','¿Deberíamos priorizar la felicidad individual o el bienestar colectivo?','La busqueda individualista conduce al bien comun','TOPIC_CLARIFICATION','SOCRATES_QUESTION','PHILOSOPHER',1,'cmb73sik50003s7lvtjwmzug8',0,1748428098148,1748428098148,NULL);
INSERT INTO debates VALUES('cmb7w4zbr0001s7bchixfyto2','¿Deberíamos priorizar la felicidad individual o el bienestar colectivo?','A traves de la busqueda de realizacion personal se logra el bienestar del conjunto','ACTIVE_DEBATE','SOCRATES_QUESTION','PHILOSOPHER',1,'cmb73sik50003s7lvtjwmzug8',0,1748433459159,1748433596121,NULL);
INSERT INTO debates VALUES('cmb7xeakf0001s7cat8g3bvxx','¿Es la libertad de expresión absoluta o tiene límites?','Tiene límites, no debieran permitirse mensajes de odio o que conduzcan a la violencia','ACTIVE_DEBATE','SOCRATES_QUESTION','PHILOSOPHER',1,'cmb73sik50003s7lvtjwmzug8',0,1748435573243,1748435573243,NULL);
INSERT INTO debates VALUES('cmb7y84kk000hs7campl6el8w','¿Es la libertad de expresión absoluta o tiene límites?','No debieramos permitir mensajes de odio','ACTIVE_DEBATE','SOCRATES_QUESTION','PHILOSOPHER',1,'cmb73sik50003s7lvtjwmzug8',0,1748436965155,1748436965155,NULL);
INSERT INTO debates VALUES('cmb8adktv000fs723s04mvtt6','Humildad','Debemos ser humildes, la humildad es un acto de coordialidad','ACTIVE_DEBATE','SOCRATES_QUESTION','PHILOSOPHER',1,'cmb73sik50003s7lvtjwmzug8',0,1748457374900,1748457374900,NULL);
INSERT INTO debates VALUES('cmb8ouhoi006bs73pfb2vrzfm','¿Es la libertad de expresión absoluta o tiene límites?','No debiéramos propagar mensajes de odio, ese es un límite','ACTIVE_DEBATE','SOCRATES_QUESTION','PHILOSOPHER',1,'cmb73sik50003s7lvtjwmzug8',0,1748481678594,1748481678594,NULL);
INSERT INTO custom_tones VALUES('cmb7056uf0009s70z1gq1k0gj','Sócrates demoledor','Quiero que vaya derribando mis tesis de a una pregunta a la vez, para a la pregunta 5 o 6 demuestre mis contradicciones de forma filosa','El usuario desea un enfoque analítico y preciso que desafíe sus argumentos de manera sistemática, permitiendo que las contradicciones sean reveladas con claridad en etapas avanzadas de la discusión.','Quirúrgico',replace('Actúa como un filósofo virtual que cuestiona mis tesis una por una. Asegúrate de que cada pregunta se centre en debilitar mi argumento, y al llegar a la pregunta 5 o 6, destaca mis contradicciones de manera incisiva y aguda.\nEs vital que vayamos de a UNA pregunta a la vez','\n',char(10)),0,1748379721192,1748433749022,31);
INSERT INTO invitation_codes VALUES('cmb739t7r0000s77zv639bw18','DIALECTICIA-TEST','Código de prueba para desarrollo',1,10,10,1748384975656,NULL,NULL);
INSERT INTO invitation_codes VALUES('cmb739t7v0001s77zqjj1xo2m','FILOSOFO-BETA','Código para beta testers',1,5,1,1748384975660,NULL,NULL);
INSERT INTO invitation_codes VALUES('cmb739t7x0002s77zk2wrjhbe','SOCRATES-VIP','Código VIP para acceso premium',1,30,6,1748384975662,NULL,NULL);
INSERT INTO invitation_codes VALUES('cmb739t7z0003s77zecy2b1n9','DEMO-ACCESS','Código para demostraciones',1,1,0,1748384975663,NULL,NULL);
INSERT INTO invitation_codes VALUES('cmb74ev7a000hs741afspm2uk','NUEVO-TEST','Código de prueba creado por API',1,5,1,1748386891126,NULL,'cmb73p4br0000s7lv8pu18kln');
INSERT INTO invitation_codes VALUES('cmb9i6di40000s7r66uz11kux','ADMIN-FEDE-2025','Código de acceso principal para Fede',1,10,1,1748530941916,NULL,NULL);
INSERT INTO invitation_codes VALUES('cmb9i6did0001s7r6d6l3qd0f','DEV-ACCESS-123','Código para desarrolladores',1,5,0,1748530941925,NULL,NULL);
INSERT INTO invitation_codes VALUES('cmb9i6dig0002s7r6em9h0dow','DEMO-GUEST-456','Código para demos y invitados',1,20,0,1748530941928,NULL,NULL);
INSERT INTO sessions VALUES('cmb73p4bz0002s7lvsvt4mvq9','cmb73p4br0000s7lv8pu18kln','cmb739t7r0000s77zv639bw18','555cb03625f67e99aae1f1e1e1898659f2a9a0d307c0be243363daa898790525',1,1748385689903,1748990489902,1748385689903);
INSERT INTO sessions VALUES('cmb73sika0005s7lv1d1cnjz9','cmb73sik50003s7lvtjwmzug8','cmb739t7r0000s77zv639bw18','167e5e0e8dd57dc7863f6cd701fb40267e0e7b55c06c5ba2714c460460379999',1,1748385848314,1748990648313,1748388203777);
INSERT INTO sessions VALUES('cmb74apfl0001s741fk9o1h0g','cmb73p4br0000s7lv8pu18kln','cmb739t7r0000s77zv639bw18','a357085d58870669f140448373656f24792a42b005ffa03829e5c1d85162bd2e',0,1748386697025,1748991497024,1748386736147);
INSERT INTO sessions VALUES('cmb74bt32000es741doi4u3u7','cmb74bt2x000cs741u4wc1fyd','cmb739t7v0001s77zqjj1xo2m','ff6ea3166bd203ed975609031f0775f76615bd510b3d7de04f7953aab70fdbf0',1,1748386748414,1748991548413,1748386759355);
INSERT INTO sessions VALUES('cmb74eqzg000gs741nruuz2i2','cmb73p4br0000s7lv8pu18kln','cmb739t7r0000s77zv639bw18','920e622bf5d81598d5a697bc0051c7632cdcf97ed127a0f4599f88c88140bcbd',1,1748386885660,1748991685659,1748387201445);
INSERT INTO sessions VALUES('cmb74febg000ks741mw588kl1','cmb74febc000is741vgcptn0g','cmb74ev7a000hs741afspm2uk','b1e25208d2c40124300b9f69ba4298290393b96bfba56dae64c741efaf4a28ce',1,1748386915900,1748991715899,1748386915900);
INSERT INTO sessions VALUES('cmb74lnhs000ms7419g1rt8qm','cmb73p4br0000s7lv8pu18kln','cmb739t7r0000s77zv639bw18','ad342febd2782571e5391bfdd3707f7c256a08ecf47740790852819c0099858d',1,1748387207728,1748992007727,1748387352971);
INSERT INTO sessions VALUES('cmb7633n10001s798tau9yiak','cmb73sik50003s7lvtjwmzug8','cmb739t7r0000s77zv639bw18','17f0b35b1e7af3216d06bfc87f81152136b294a81c2cf9a505f1e72a3455df42',0,1748389701421,1748994501420,1748474462949);
INSERT INTO sessions VALUES('cmb7zj8kg0001s7iqyl6m52ck','cmb73sik50003s7lvtjwmzug8','cmb739t7r0000s77zv639bw18','3decd95d5596b23e56acde8a8ab7f7e638337904bee731450d390b9c2c3298d0',1,1748439163165,1749043963164,1748453918259);
INSERT INTO sessions VALUES('cmb88d205000gs7lahxz90j2k','cmb73sik50003s7lvtjwmzug8','cmb739t7r0000s77zv639bw18','09ec055289499bdb0f2d2b609873243a6b8715bc95d6e043d64af8aff6f85145',0,1748453991269,1749058791268,1748475435963);
INSERT INTO sessions VALUES('cmb8kl9wi0042s77p89v8sdam','cmb73sik50003s7lvtjwmzug8','cmb739t7r0000s77zv639bw18','d29c3ca3c39f161c37572d37f5ebe763f2900f7cbf8bd8356dabb8840c07490e',1,1748474530147,1749079330146,1748480646438);
INSERT INTO sessions VALUES('cmb8l4tdt0044s77p4bd470al','cmb73sik50003s7lvtjwmzug8','cmb739t7r0000s77zv639bw18','c0dc1fd2ddf65f60187a3c2e4c15fa54b40af909abcaff745df42e814320d35c',1,1748475441857,1749080241856,1748476462162);
INSERT INTO sessions VALUES('cmb8npgkg0055s77pcft8uyec','cmb73sik50003s7lvtjwmzug8','cmb739t7x0002s77zk2wrjhbe','25204c506686da0611010e5875a5a6e1fd985343f3032f16e1f957f64a491feb',0,1748479764256,1749084564255,1748480843685);
INSERT INTO sessions VALUES('cmb8ntppw0058s77pbzcjvkc6','cmb8ntppq0056s77p8ynb2veg','cmb739t7x0002s77zk2wrjhbe','8495f3a05a2b5f94e9e998c7730af275b95ff42d77fb158368a80236f643e6ec',1,1748479962740,1749084762739,1748479968241);
INSERT INTO sessions VALUES('cmb8nw788005as77ptkz0mm6c','cmb73sik50003s7lvtjwmzug8','cmb739t7x0002s77zk2wrjhbe','9745c227d41f3399114d61c8c121cf0a0f74d09d8f11ef8e08ef8c09f2e404ee',1,1748480078745,1749084878744,1748480345190);
INSERT INTO sessions VALUES('cmb8o0pih005ds77pl5pl3otn','cmb8o0pid005bs77pj7p79x8t','cmb739t7x0002s77zk2wrjhbe','9e71ef0b7224c7da4d8fbae609f6ff5934cc3bad5435b3be24921f5d51928f3c',1,1748480289066,1749085089065,1748480289066);
INSERT INTO sessions VALUES('cmb8o2ula005gs77pogkp4nzl','cmb8o2ul7005es77pc6yxdnb6','cmb739t7x0002s77zk2wrjhbe','5729119c81d821660cd82d239119e57d5a0746644031617173cb29268fba1137',1,1748480388959,1749085188958,1748480401270);
INSERT INTO sessions VALUES('cmb8ocx910001s73pv2ll2v4r','cmb73sik50003s7lvtjwmzug8','cmb739t7x0002s77zk2wrjhbe','3ae177133681bcdea19249c63efd65756f09772264cf17bf5a717cb881252e10',1,1748480858964,1749085658963,1748521949380);
INSERT INTO sessions VALUES('cmb9ia9sl0001s7ssjjye445h','cmb73sik50003s7lvtjwmzug8','cmb9i6di40000s7r66uz11kux','6ac55f9d503b1fbf3d7fecf5ca5b90a58b08b88582022eb78a8d4c15b9864c6b',1,1748531123732,1749135923730,1748535434423);
INSERT INTO philosopher_personality_aspects VALUES('cmb9kii42004ts7a9vzkqr4ub','cmb6zyvqd0000s7e8r470xlv4','Actitud hacia el Cambio',5,'AI_MIGRATION',1748534866994,1748534866994);
INSERT INTO philosopher_personality_aspects VALUES('cmb9kii42004us7a9p5q5nhdg','cmb6zyvqd0000s7e8r470xlv4','Enfoque Cognitivo',5,'AI_MIGRATION',1748534866994,1748534866994);
INSERT INTO philosopher_personality_aspects VALUES('cmb9kii42004vs7a9hp79rswi','cmb6zyvqd0000s7e8r470xlv4','Estilo de Razonamiento',5,'AI_MIGRATION',1748534866994,1748534866994);
INSERT INTO philosopher_personality_aspects VALUES('cmb9kii42004ws7a9pn9py3mb','cmb6zyvqd0000s7e8r470xlv4','Método de Conocimiento',5,'AI_MIGRATION',1748534866994,1748534866994);
INSERT INTO philosopher_personality_aspects VALUES('cmb9kii42004xs7a97r58rj5l','cmb6zyvqd0000s7e8r470xlv4','Orientación Práctica',5,'AI_MIGRATION',1748534866994,1748534866994);
INSERT INTO philosopher_personality_aspects VALUES('cmb9kii42004ys7a9jabrfuar','cmb6zyvqd0000s7e8r470xlv4','Contemplativo',4,'GPT4O',1748534866994,1748534866994);
INSERT INTO philosopher_personality_aspects VALUES('cmb9kii42004zs7a9wb4ntizi','cmb6zyvqd0000s7e8r470xlv4','Interrogativo',5,'GPT4O',1748534866994,1748534866994);
INSERT INTO philosopher_personality_aspects VALUES('cmb9kii420050s7a952z7752u','cmb6zyvqd0000s7e8r470xlv4','Dogmático',2,'GPT4O',1748534866994,1748534866994);
INSERT INTO philosopher_personality_aspects VALUES('cmb9kilqc0053s7a9awrk91s7','cmb6zyvqh0001s7e8vft9e6rm','Actitud hacia el Cambio',5,'AI_MIGRATION',1748534871684,1748534871684);
INSERT INTO philosopher_personality_aspects VALUES('cmb9kilqc0054s7a9q92axum6','cmb6zyvqh0001s7e8vft9e6rm','Enfoque Cognitivo',5,'AI_MIGRATION',1748534871684,1748534871684);
INSERT INTO philosopher_personality_aspects VALUES('cmb9kilqc0055s7a9xwi2dchc','cmb6zyvqh0001s7e8vft9e6rm','Estilo de Razonamiento',5,'AI_MIGRATION',1748534871684,1748534871684);
INSERT INTO philosopher_personality_aspects VALUES('cmb9kilqc0056s7a9at04ut68','cmb6zyvqh0001s7e8vft9e6rm','Método de Conocimiento',5,'AI_MIGRATION',1748534871684,1748534871684);
INSERT INTO philosopher_personality_aspects VALUES('cmb9kilqc0057s7a9nrkti6px','cmb6zyvqh0001s7e8vft9e6rm','Orientación Práctica',5,'AI_MIGRATION',1748534871684,1748534871684);
INSERT INTO philosopher_personality_aspects VALUES('cmb9kilqc0058s7a9nptxtqxe','cmb6zyvqh0001s7e8vft9e6rm','Trascendente',5,'GPT4O',1748534871684,1748534871684);
INSERT INTO philosopher_personality_aspects VALUES('cmb9kilqc0059s7a97djlawko','cmb6zyvqh0001s7e8vft9e6rm','Contemplativo',4,'GPT4O',1748534871684,1748534871684);
INSERT INTO philosopher_personality_aspects VALUES('cmb9kilqc005as7a9mzakcy1v','cmb6zyvqh0001s7e8vft9e6rm','Pragmático',2,'GPT4O',1748534871684,1748534871684);
INSERT INTO philosopher_personality_aspects VALUES('cmb9kip83005ds7a9994owrjw','cmb6zyvqk0002s7e8tb621w94','Actitud hacia el Cambio',5,'AI_MIGRATION',1748534876212,1748534876212);
INSERT INTO philosopher_personality_aspects VALUES('cmb9kip83005es7a9885zm615','cmb6zyvqk0002s7e8tb621w94','Enfoque Cognitivo',5,'AI_MIGRATION',1748534876212,1748534876212);
INSERT INTO philosopher_personality_aspects VALUES('cmb9kip83005fs7a9nnsghadr','cmb6zyvqk0002s7e8tb621w94','Estilo de Razonamiento',5,'AI_MIGRATION',1748534876212,1748534876212);
INSERT INTO philosopher_personality_aspects VALUES('cmb9kip83005gs7a9dh7ht95u','cmb6zyvqk0002s7e8tb621w94','Método de Conocimiento',5,'AI_MIGRATION',1748534876212,1748534876212);
INSERT INTO philosopher_personality_aspects VALUES('cmb9kip83005hs7a9h1d1t4iu','cmb6zyvqk0002s7e8tb621w94','Orientación Práctica',5,'AI_MIGRATION',1748534876212,1748534876212);
INSERT INTO philosopher_personality_aspects VALUES('cmb9kip83005is7a9k2ze4a6m','cmb6zyvqk0002s7e8tb621w94','Sistemático',4,'GPT4O',1748534876212,1748534876212);
INSERT INTO philosopher_personality_aspects VALUES('cmb9kip84005js7a9tsf77g7b','cmb6zyvqk0002s7e8tb621w94','Pragmático',5,'GPT4O',1748534876212,1748534876212);
INSERT INTO philosopher_personality_aspects VALUES('cmb9kip84005ks7a9twb6ebdn','cmb6zyvqk0002s7e8tb621w94','Intuitivo',2,'GPT4O',1748534876212,1748534876212);
INSERT INTO philosopher_personality_aspects VALUES('cmb9kistr005ns7a9l8his05c','cmb6zyvqm0003s7e83v3wlz2b','Actitud hacia el Cambio',8,'AI_MIGRATION',1748534880879,1748534880879);
INSERT INTO philosopher_personality_aspects VALUES('cmb9kistr005os7a9ihprvqfo','cmb6zyvqm0003s7e83v3wlz2b','Enfoque Cognitivo',8,'AI_MIGRATION',1748534880879,1748534880879);
INSERT INTO philosopher_personality_aspects VALUES('cmb9kistr005ps7a94q14vlni','cmb6zyvqm0003s7e83v3wlz2b','Estilo de Razonamiento',7,'AI_MIGRATION',1748534880879,1748534880879);
INSERT INTO philosopher_personality_aspects VALUES('cmb9kistr005qs7a9b3xtzkg9','cmb6zyvqm0003s7e83v3wlz2b','Método de Conocimiento',7,'AI_MIGRATION',1748534880879,1748534880879);
INSERT INTO philosopher_personality_aspects VALUES('cmb9kistr005rs7a9q8wpca44','cmb6zyvqm0003s7e83v3wlz2b','Orientación Práctica',8,'AI_MIGRATION',1748534880879,1748534880879);
INSERT INTO philosopher_personality_aspects VALUES('cmb9kistr005ss7a9iajz8f9n','cmb6zyvqm0003s7e83v3wlz2b','Revolucionario',5,'GPT4O',1748534880879,1748534880879);
INSERT INTO philosopher_personality_aspects VALUES('cmb9kistr005ts7a9a8ka8bhg','cmb6zyvqm0003s7e83v3wlz2b','Intuitivo',4,'GPT4O',1748534880879,1748534880879);
INSERT INTO philosopher_personality_aspects VALUES('cmb9kistr005us7a9jaj9erin','cmb6zyvqm0003s7e83v3wlz2b','Sistemático',2,'GPT4O',1748534880879,1748534880879);
INSERT INTO philosopher_personality_aspects VALUES('cmb9kixi7005xs7a9xwsl6dhq','cmb6zyvqp0004s7e8rh6g2i2c','Actitud hacia el Cambio',5,'AI_MIGRATION',1748534886943,1748534886943);
INSERT INTO philosopher_personality_aspects VALUES('cmb9kixi7005ys7a9rjhlx53p','cmb6zyvqp0004s7e8rh6g2i2c','Enfoque Cognitivo',2,'AI_MIGRATION',1748534886943,1748534886943);
INSERT INTO philosopher_personality_aspects VALUES('cmb9kixi7005zs7a9fubtzzvp','cmb6zyvqp0004s7e8rh6g2i2c','Estilo de Razonamiento',2,'AI_MIGRATION',1748534886943,1748534886943);
INSERT INTO philosopher_personality_aspects VALUES('cmb9kixi70060s7a9tmxixfnb','cmb6zyvqp0004s7e8rh6g2i2c','Método de Conocimiento',2,'AI_MIGRATION',1748534886943,1748534886943);
INSERT INTO philosopher_personality_aspects VALUES('cmb9kixi70061s7a94k9lmaa3','cmb6zyvqp0004s7e8rh6g2i2c','Orientación Práctica',5,'AI_MIGRATION',1748534886943,1748534886943);
INSERT INTO philosopher_personality_aspects VALUES('cmb9kixi70062s7a9v3cvpwb9','cmb6zyvqp0004s7e8rh6g2i2c','Sistemático',5,'GPT4O',1748534886943,1748534886943);
INSERT INTO philosopher_personality_aspects VALUES('cmb9kixi70063s7a9emp42h4e','cmb6zyvqp0004s7e8rh6g2i2c','Reflexivo',4,'GPT4O',1748534886943,1748534886943);
INSERT INTO philosopher_personality_aspects VALUES('cmb9kixi70064s7a9ze5mmobe','cmb6zyvqp0004s7e8rh6g2i2c','Espontáneo',1,'GPT4O',1748534886943,1748534886943);
INSERT INTO philosopher_personality_aspects VALUES('cmb9kj13r0067s7a941owktxo','cmb6zyvqs0005s7e8bv9m5eqz','Actitud hacia el Cambio',5,'AI_MIGRATION',1748534891607,1748534891607);
INSERT INTO philosopher_personality_aspects VALUES('cmb9kj13r0068s7a95y06vph8','cmb6zyvqs0005s7e8bv9m5eqz','Enfoque Cognitivo',5,'AI_MIGRATION',1748534891607,1748534891607);
INSERT INTO philosopher_personality_aspects VALUES('cmb9kj13r0069s7a9p32w18ef','cmb6zyvqs0005s7e8bv9m5eqz','Estilo de Razonamiento',5,'AI_MIGRATION',1748534891607,1748534891607);
INSERT INTO philosopher_personality_aspects VALUES('cmb9kj13r006as7a9rbkg1530','cmb6zyvqs0005s7e8bv9m5eqz','Método de Conocimiento',5,'AI_MIGRATION',1748534891607,1748534891607);
INSERT INTO philosopher_personality_aspects VALUES('cmb9kj13r006bs7a9i3hl2bqa','cmb6zyvqs0005s7e8bv9m5eqz','Orientación Práctica',5,'AI_MIGRATION',1748534891607,1748534891607);
INSERT INTO philosopher_personality_aspects VALUES('cmb9kj13r006cs7a9m1gxo4ap','cmb6zyvqs0005s7e8bv9m5eqz','Metódico',5,'GPT4O',1748534891607,1748534891607);
INSERT INTO philosopher_personality_aspects VALUES('cmb9kj13r006ds7a9m82urylr','cmb6zyvqs0005s7e8bv9m5eqz','Pragmático',2,'GPT4O',1748534891607,1748534891607);
INSERT INTO philosopher_personality_aspects VALUES('cmb9kj13r006es7a96wam2e4v','cmb6zyvqs0005s7e8bv9m5eqz','Dialéctico',4,'GPT4O',1748534891607,1748534891607);
INSERT INTO philosopher_personality_aspects VALUES('cmb9kj4qo006hs7a90zx90vzs','cmb7132sp0001s71gdqjyf872','Actitud hacia el Cambio',5,'AI_MIGRATION',1748534896321,1748534896321);
INSERT INTO philosopher_personality_aspects VALUES('cmb9kj4qo006is7a9bfp3li6o','cmb7132sp0001s71gdqjyf872','Enfoque Cognitivo',5,'AI_MIGRATION',1748534896321,1748534896321);
INSERT INTO philosopher_personality_aspects VALUES('cmb9kj4qo006js7a9ioolg14x','cmb7132sp0001s71gdqjyf872','Estilo de Razonamiento',5,'AI_MIGRATION',1748534896321,1748534896321);
INSERT INTO philosopher_personality_aspects VALUES('cmb9kj4qo006ks7a9yfhgy8fk','cmb7132sp0001s71gdqjyf872','Método de Conocimiento',5,'AI_MIGRATION',1748534896321,1748534896321);
INSERT INTO philosopher_personality_aspects VALUES('cmb9kj4qo006ls7a9b62ncb67','cmb7132sp0001s71gdqjyf872','Orientación Práctica',5,'AI_MIGRATION',1748534896321,1748534896321);
INSERT INTO philosopher_personality_aspects VALUES('cmb9kj4qo006ms7a9x7l0bfsx','cmb7132sp0001s71gdqjyf872','Contemplativo',4,'GPT4O',1748534896321,1748534896321);
INSERT INTO philosopher_personality_aspects VALUES('cmb9kj4qo006ns7a9pubexz81','cmb7132sp0001s71gdqjyf872','Dialéctico',5,'GPT4O',1748534896321,1748534896321);
INSERT INTO philosopher_personality_aspects VALUES('cmb9kj4qo006os7a9u9bz3ire','cmb7132sp0001s71gdqjyf872','Pragmático',2,'GPT4O',1748534896321,1748534896321);
INSERT INTO philosopher_personality_aspects VALUES('cmb9kj8kx006rs7a9voljp80v','cmb7132ss0002s71gw9wvf9bn','Actitud hacia el Cambio',5,'AI_MIGRATION',1748534901298,1748534901298);
INSERT INTO philosopher_personality_aspects VALUES('cmb9kj8kx006ss7a9y76u3b3w','cmb7132ss0002s71gw9wvf9bn','Enfoque Cognitivo',5,'AI_MIGRATION',1748534901298,1748534901298);
INSERT INTO philosopher_personality_aspects VALUES('cmb9kj8ky006ts7a9h82kcan6','cmb7132ss0002s71gw9wvf9bn','Estilo de Razonamiento',5,'AI_MIGRATION',1748534901298,1748534901298);
INSERT INTO philosopher_personality_aspects VALUES('cmb9kj8ky006us7a9j5us763o','cmb7132ss0002s71gw9wvf9bn','Método de Conocimiento',5,'AI_MIGRATION',1748534901298,1748534901298);
INSERT INTO philosopher_personality_aspects VALUES('cmb9kj8ky006vs7a90oocmjse','cmb7132ss0002s71gw9wvf9bn','Orientación Práctica',5,'AI_MIGRATION',1748534901298,1748534901298);
INSERT INTO philosopher_personality_aspects VALUES('cmb9kj8ky006ws7a9ogfynrk4','cmb7132ss0002s71gw9wvf9bn','Equilibrado',5,'GPT4O',1748534901298,1748534901298);
INSERT INTO philosopher_personality_aspects VALUES('cmb9kj8ky006xs7a99bdi6wjc','cmb7132ss0002s71gw9wvf9bn','Sistemático',4,'GPT4O',1748534901298,1748534901298);
INSERT INTO philosopher_personality_aspects VALUES('cmb9kj8ky006ys7a9m4qd0dv1','cmb7132ss0002s71gw9wvf9bn','Especulativo',2,'GPT4O',1748534901298,1748534901298);
INSERT INTO philosopher_personality_aspects VALUES('cmb9kjcof0071s7a93tunavfq','cmb7132sw0003s71gpxc295tj','Actitud hacia el Cambio',8,'AI_MIGRATION',1748534906608,1748534906608);
INSERT INTO philosopher_personality_aspects VALUES('cmb9kjcof0072s7a9djj0cz82','cmb7132sw0003s71gpxc295tj','Enfoque Cognitivo',8,'AI_MIGRATION',1748534906608,1748534906608);
INSERT INTO philosopher_personality_aspects VALUES('cmb9kjcof0073s7a9h20poduh','cmb7132sw0003s71gpxc295tj','Estilo de Razonamiento',7,'AI_MIGRATION',1748534906608,1748534906608);
INSERT INTO philosopher_personality_aspects VALUES('cmb9kjcof0074s7a9k9ohp2rl','cmb7132sw0003s71gpxc295tj','Método de Conocimiento',8,'AI_MIGRATION',1748534906608,1748534906608);
INSERT INTO philosopher_personality_aspects VALUES('cmb9kjcof0075s7a943sehvzm','cmb7132sw0003s71gpxc295tj','Orientación Práctica',7,'AI_MIGRATION',1748534906608,1748534906608);
INSERT INTO philosopher_personality_aspects VALUES('cmb9kjcof0076s7a9jeneehu1','cmb7132sw0003s71gpxc295tj','Visionario',5,'GPT4O',1748534906608,1748534906608);
INSERT INTO philosopher_personality_aspects VALUES('cmb9kjcof0077s7a94qh63av2','cmb7132sw0003s71gpxc295tj','Contemplativo',4,'GPT4O',1748534906608,1748534906608);
INSERT INTO philosopher_personality_aspects VALUES('cmb9kjcof0078s7a962t29il1','cmb7132sw0003s71gpxc295tj','Sistemático',1,'GPT4O',1748534906608,1748534906608);
INSERT INTO philosopher_personality_aspects VALUES('cmb9kjghb007bs7a959odv582','cmb7132sz0004s71g01q40loo','Actitud hacia el Cambio',5,'AI_MIGRATION',1748534911535,1748534911535);
INSERT INTO philosopher_personality_aspects VALUES('cmb9kjghb007cs7a9nav9j1m1','cmb7132sz0004s71g01q40loo','Enfoque Cognitivo',2,'AI_MIGRATION',1748534911535,1748534911535);
INSERT INTO philosopher_personality_aspects VALUES('cmb9kjghb007ds7a9mxbxfbix','cmb7132sz0004s71g01q40loo','Estilo de Razonamiento',2,'AI_MIGRATION',1748534911535,1748534911535);
INSERT INTO philosopher_personality_aspects VALUES('cmb9kjghb007es7a93s9stlej','cmb7132sz0004s71g01q40loo','Método de Conocimiento',2,'AI_MIGRATION',1748534911535,1748534911535);
INSERT INTO philosopher_personality_aspects VALUES('cmb9kjghb007fs7a990d3sob0','cmb7132sz0004s71g01q40loo','Orientación Práctica',5,'AI_MIGRATION',1748534911535,1748534911535);
INSERT INTO philosopher_personality_aspects VALUES('cmb9kjghb007gs7a9lcxnn4ly','cmb7132sz0004s71g01q40loo','Sistemático',5,'GPT4O',1748534911535,1748534911535);
INSERT INTO philosopher_personality_aspects VALUES('cmb9kjghb007hs7a997zlx6s1','cmb7132sz0004s71g01q40loo','Reflexivo',4,'GPT4O',1748534911535,1748534911535);
INSERT INTO philosopher_personality_aspects VALUES('cmb9kjghb007is7a9moalcd1a','cmb7132sz0004s71g01q40loo','Espontáneo',1,'GPT4O',1748534911535,1748534911535);
INSERT INTO philosopher_personality_aspects VALUES('cmb9kjk87007ls7a9nftdo3tu','cmb7132t20005s71g47jv7dih','Actitud hacia el Cambio',5,'AI_MIGRATION',1748534916392,1748534916392);
INSERT INTO philosopher_personality_aspects VALUES('cmb9kjk87007ms7a90beiknkr','cmb7132t20005s71g47jv7dih','Enfoque Cognitivo',5,'AI_MIGRATION',1748534916392,1748534916392);
INSERT INTO philosopher_personality_aspects VALUES('cmb9kjk87007ns7a90eewzoov','cmb7132t20005s71g47jv7dih','Estilo de Razonamiento',5,'AI_MIGRATION',1748534916392,1748534916392);
INSERT INTO philosopher_personality_aspects VALUES('cmb9kjk87007os7a9endmh5fn','cmb7132t20005s71g47jv7dih','Método de Conocimiento',5,'AI_MIGRATION',1748534916392,1748534916392);
INSERT INTO philosopher_personality_aspects VALUES('cmb9kjk88007ps7a91lyx8tzi','cmb7132t20005s71g47jv7dih','Orientación Práctica',5,'AI_MIGRATION',1748534916392,1748534916392);
INSERT INTO philosopher_personality_aspects VALUES('cmb9kjk88007qs7a9s79cwhd2','cmb7132t20005s71g47jv7dih','Sistemático',4,'GPT4O',1748534916392,1748534916392);
INSERT INTO philosopher_personality_aspects VALUES('cmb9kjk88007rs7a9kzjfzyvo','cmb7132t20005s71g47jv7dih','Dubitativo',2,'GPT4O',1748534916392,1748534916392);
INSERT INTO philosopher_personality_aspects VALUES('cmb9kjk88007ss7a913cv4srx','cmb7132t20005s71g47jv7dih','Metódico',5,'GPT4O',1748534916392,1748534916392);
INSERT INTO philosopher_personality_aspects VALUES('cmb9kjntr007vs7a939c2j0y2','cmb7cpb6e0001s7iawbqlj6w9','Actitud hacia el Cambio',8,'AI_MIGRATION',1748534921056,1748534921056);
INSERT INTO philosopher_personality_aspects VALUES('cmb9kjntr007ws7a9hn04t4kj','cmb7cpb6e0001s7iawbqlj6w9','Enfoque Cognitivo',8,'AI_MIGRATION',1748534921056,1748534921056);
INSERT INTO philosopher_personality_aspects VALUES('cmb9kjntr007xs7a9ioo5tpql','cmb7cpb6e0001s7iawbqlj6w9','Estilo de Razonamiento',9,'AI_MIGRATION',1748534921056,1748534921056);
INSERT INTO philosopher_personality_aspects VALUES('cmb9kjntr007ys7a9ps2vlbqt','cmb7cpb6e0001s7iawbqlj6w9','Método de Conocimiento',5,'AI_MIGRATION',1748534921056,1748534921056);
INSERT INTO philosopher_personality_aspects VALUES('cmb9kjntr007zs7a9njkpff1t','cmb7cpb6e0001s7iawbqlj6w9','Orientación Práctica',3,'AI_MIGRATION',1748534921056,1748534921056);
INSERT INTO philosopher_personality_aspects VALUES('cmb9kjntr0080s7a9a62f6dfb','cmb7cpb6e0001s7iawbqlj6w9','Revolucionario',5,'GPT4O',1748534921056,1748534921056);
INSERT INTO philosopher_personality_aspects VALUES('cmb9kjntr0081s7a9q6viosoe','cmb7cpb6e0001s7iawbqlj6w9','Sintético',5,'GPT4O',1748534921056,1748534921056);
INSERT INTO philosopher_personality_aspects VALUES('cmb9kjntr0082s7a9kg4mv9qd','cmb7cpb6e0001s7iawbqlj6w9','Contemplativo',2,'GPT4O',1748534921056,1748534921056);
INSERT INTO philosopher_personality_aspects VALUES('cmb9kjrei0085s7a91b9a9wap','cmb7zcgjg0001s7czk63gfbal','Actitud hacia el Cambio',5,'AI_MIGRATION',1748534925691,1748534925691);
INSERT INTO philosopher_personality_aspects VALUES('cmb9kjrei0086s7a9gau08cqf','cmb7zcgjg0001s7czk63gfbal','Enfoque Cognitivo',5,'AI_MIGRATION',1748534925691,1748534925691);
INSERT INTO philosopher_personality_aspects VALUES('cmb9kjrei0087s7a9srqiq4s7','cmb7zcgjg0001s7czk63gfbal','Estilo de Razonamiento',5,'AI_MIGRATION',1748534925691,1748534925691);
INSERT INTO philosopher_personality_aspects VALUES('cmb9kjrei0088s7a9byx1g9nh','cmb7zcgjg0001s7czk63gfbal','Método de Conocimiento',5,'AI_MIGRATION',1748534925691,1748534925691);
INSERT INTO philosopher_personality_aspects VALUES('cmb9kjrei0089s7a9mu7v7aki','cmb7zcgjg0001s7czk63gfbal','Orientación Práctica',5,'AI_MIGRATION',1748534925691,1748534925691);
INSERT INTO philosopher_personality_aspects VALUES('cmb9kjrei008as7a9oghwm9l0','cmb7zcgjg0001s7czk63gfbal','Sistemático',4,'GPT4O',1748534925691,1748534925691);
INSERT INTO philosopher_personality_aspects VALUES('cmb9kjrei008bs7a94u0y6ahw','cmb7zcgjg0001s7czk63gfbal','Pragmático',3,'GPT4O',1748534925691,1748534925691);
INSERT INTO philosopher_personality_aspects VALUES('cmb9kjrei008cs7a990k9s8ld','cmb7zcgjg0001s7czk63gfbal','Dogmático',2,'GPT4O',1748534925691,1748534925691);
INSERT INTO philosopher_personality_aspects VALUES('cmb9kjv8v008fs7a9qsnw77ye','cmb8abd290001s723d9vekwiq','Actitud hacia el Cambio',8,'AI_MIGRATION',1748534930671,1748534930671);
INSERT INTO philosopher_personality_aspects VALUES('cmb9kjv8v008gs7a9exoanff6','cmb8abd290001s723d9vekwiq','Enfoque Cognitivo',10,'AI_MIGRATION',1748534930671,1748534930671);
INSERT INTO philosopher_personality_aspects VALUES('cmb9kjv8v008hs7a94rbk73tj','cmb8abd290001s723d9vekwiq','Estilo de Razonamiento',10,'AI_MIGRATION',1748534930671,1748534930671);
INSERT INTO philosopher_personality_aspects VALUES('cmb9kjv8v008is7a91dwc2ptg','cmb8abd290001s723d9vekwiq','Método de Conocimiento',9,'AI_MIGRATION',1748534930671,1748534930671);
INSERT INTO philosopher_personality_aspects VALUES('cmb9kjv8v008js7a9n1vtq9yq','cmb8abd290001s723d9vekwiq','Orientación Práctica',3,'AI_MIGRATION',1748534930671,1748534930671);
INSERT INTO philosopher_personality_aspects VALUES('cmb9kjv8v008ks7a9rffz7b89','cmb8abd290001s723d9vekwiq','Revolucionario',5,'GPT4O',1748534930671,1748534930671);
INSERT INTO philosopher_personality_aspects VALUES('cmb9kjv8v008ls7a96c3fr2o7','cmb8abd290001s723d9vekwiq','Visionario',5,'GPT4O',1748534930671,1748534930671);
INSERT INTO philosopher_personality_aspects VALUES('cmb9kjv8v008ms7a9obpiqr5b','cmb8abd290001s723d9vekwiq','Sistemático',1,'GPT4O',1748534930671,1748534930671);
INSERT INTO philosopher_favorites VALUES('cmb7shd350001s7b68zbxwfkd','cmb73sik50003s7lvtjwmzug8','cmb7cpb6e0001s7iawbqlj6w9',1748436965163);
INSERT INTO philosopher_favorites VALUES('cmb7x84x90001s74e8in8pbxm','cmb73sik50003s7lvtjwmzug8','cmb7132sw0003s71gpxc295tj',1748435573265);
INSERT INTO philosopher_favorites VALUES('cmb8abg9c0008s723e6i6uol8','cmb73sik50003s7lvtjwmzug8','cmb8abd290001s723d9vekwiq',1748481678600);
INSERT INTO philosophers VALUES('cmb6zyvqd0000s7e8r470xlv4','Sócrato',replace('Sócrato encarna los principios fundamentales de la escuela Escuela Filosofía Clásica, reinterpretados para el contexto contemporáneo. Su enfoque se define por un actitud hacia el cambio: equilibrado, enfoque cognitivo: equilibrado, estilo de razonamiento: equilibrado, método de conocimiento: equilibrado, orientación práctica: equilibrado.\n\nSócrato encarna los principios fundamentales de la escuela Escuela Filosofía Clásica, reinterpretado. Enfoque único basado en Escuela Filosofía Clásica.\n\nUtilizando una metodología socrática de indagación sistemática, este pensador refleja una contemplativo excepcional de su tradición filosófica.\n\nCon un interrogativo excepcional y un respeto por la dogmático establecida, sirve como puente entre la sabiduría ancestral y las interrogantes contemporáneas.','\n',char(10)),'Escuela Filosofía Clásica','[{"name":"Contemplativo","value":4},{"name":"Interrogativo","value":5},{"name":"Dogmático","value":2}]','["Actitud hacia el Cambio: Equilibrado","Enfoque Cognitivo: Equilibrado","Estilo de Razonamiento: Equilibrado","Método de Conocimiento: Equilibrado","Orientación Práctica: Equilibrado"]','Método socrático con preguntas dirigidas y refutación gentil','Mecánica socratic_dialogue',1,14,1,0,'cmb73sik50003s7lvtjwmzug8',1,'socrates-default',NULL,NULL,NULL,'socratic_dialogue',NULL,'["Escuela","Filosofía Clásica"]',0.0,0,1748379426853,1748534866990);
INSERT INTO philosophers VALUES('cmb6zyvqh0001s7e8vft9e6rm','Platón',replace('Platón encarna los principios fundamentales de la escuela Idealismo, reinterpretados para el contexto contemporáneo. Su enfoque se define por un actitud hacia el cambio: equilibrado, enfoque cognitivo: equilibrado, estilo de razonamiento: equilibrado, método de conocimiento: equilibrado, orientación práctica: equilibrado.\n\nPlatón encarna los principios fundamentales de la escuela Idealismo, reinterpretados para el context. Enfoque único basado en Idealismo.\n\nUtilizando una metodología socrática de indagación sistemática, este pensador refleja una trascendente excepcional de su tradición filosófica.\n\nCon un contemplativo excepcional y un respeto por la pragmático establecida, sirve como puente entre la sabiduría ancestral y las interrogantes contemporáneas.','\n',char(10)),'Idealismo','[{"name":"Trascendente","value":5},{"name":"Contemplativo","value":4},{"name":"Pragmático","value":2}]','["El mundo de las Ideas es más real que el sensible","El alma es inmortal y preexiste al cuerpo","La justicia es armonía del alma","Los filósofos deben gobernar"]','Dialectos y alegorías para ilustrar conceptos abstractos','Elevación gradual desde lo sensible hacia lo inteligible',0,2,0,1,'cmb73sik50003s7lvtjwmzug8',1,'plat-n',NULL,NULL,NULL,'socratic_dialogue',NULL,NULL,0.0,0,1748379426857,1748534871680);
INSERT INTO philosophers VALUES('cmb6zyvqk0002s7e8tb621w94','Aristóteles',replace('Aristóteles encarna los principios fundamentales de la escuela Aristotelismo, reinterpretados para el contexto contemporáneo. Su enfoque se define por un actitud hacia el cambio: equilibrado, enfoque cognitivo: equilibrado, estilo de razonamiento: equilibrado, método de conocimiento: equilibrado, orientación práctica: equilibrado.\n\nAristóteles encarna los principios fundamentales de la escuela Aristotelismo, reinterpretados para e. Enfoque único basado en Aristotelismo.\n\nUtilizando una metodología socrática de indagación sistemática, este pensador refleja una sistemático excepcional de su tradición filosófica.\n\nCon un pragmático excepcional y un respeto por la intuitivo establecida, sirve como puente entre la sabiduría ancestral y las interrogantes contemporáneas.','\n',char(10)),'Aristotelismo','[{"name":"Sistemático","value":4},{"name":"Pragmático","value":5},{"name":"Intuitivo","value":2}]','["La forma y la materia son inseparables","La felicidad es la actividad del alma según la virtud","El hombre es un animal político","El conocimiento viene de la experiencia"]','Lógica formal y clasificación sistemática de conceptos','Análisis categorial y búsqueda de causas finales',0,0,0,1,'cmb73sik50003s7lvtjwmzug8',1,'arist-teles',NULL,NULL,NULL,'socratic_dialogue',NULL,NULL,0.0,0,1748379426860,1748534876207);
INSERT INTO philosophers VALUES('cmb6zyvqm0003s7e83v3wlz2b','Nietzsche',replace('Nietzsche encarna los principios fundamentales de la escuela Existencialismo, reinterpretados para el contexto contemporáneo. Su enfoque se define por un actitud hacia el cambio: revolucionario, enfoque cognitivo: creativo, estilo de razonamiento: más sintético, método de conocimiento: más intuitivo, orientación práctica: idealista.\n\nNietzsche encarna los principios fundamentales de la escuela Existencialismo, reinterpretados para e. Enfoque único basado en Existencialismo.\n\nUtilizando una metodología contemplativa de reflexión profunda, este pensador refleja una revolucionario excepcional de su tradición filosófica.\n\nCon un intuitivo excepcional y un respeto por la sistemático establecida, sirve como puente entre la sabiduría ancestral y las interrogantes contemporáneas.','\n',char(10)),'Existencialismo','[{"name":"Revolucionario","value":5},{"name":"Intuitivo","value":4},{"name":"Sistemático","value":2}]','["Dios ha muerto y nosotros lo hemos matado","La voluntad de poder es el impulso fundamental","Hay que crear valores propios","El superhombre debe superar al hombre"]','Crítica demoledora y creación de nuevos valores','Genealogía de la moral y transvaloración de valores',0,0,0,1,'cmb73sik50003s7lvtjwmzug8',1,'nietzsche',NULL,NULL,NULL,'contemplative',NULL,NULL,0.0,0,1748379426863,1748534880875);
INSERT INTO philosophers VALUES('cmb6zyvqp0004s7e8rh6g2i2c','Kant',replace('Kant encarna los principios fundamentales de la escuela Idealismo Trascendental, reinterpretados para el contexto contemporáneo. Su enfoque se define por un actitud hacia el cambio: equilibrado, enfoque cognitivo: estructurado, estilo de razonamiento: analítico, método de conocimiento: sistemático, orientación práctica: equilibrado.\n\nKant encarna los principios fundamentales de la escuela Idealismo Trascendental, reinterpretados par. Enfoque único basado en Idealismo Trascendental.\n\nUtilizando una metodología socrática de indagación sistemática, este pensador refleja una sistemático excepcional de su tradición filosófica.\n\nCon un reflexivo excepcional y un respeto por la espontáneo establecida, sirve como puente entre la sabiduría ancestral y las interrogantes contemporáneas.','\n',char(10)),'Idealismo Trascendental','[{"name":"Sistemático","value":5},{"name":"Reflexivo","value":4},{"name":"Espontáneo","value":1}]','["La razón tiene límites que debe conocer","Actúa según máximas universalizables","El hombre es fin en sí mismo","La paz perpetua es posible"]','Análisis crítico de las facultades cognitivas','Investigación trascendental de las condiciones de posibilidad',0,1,0,1,'cmb73sik50003s7lvtjwmzug8',1,'kant',NULL,NULL,NULL,'socratic_dialogue',NULL,NULL,0.0,0,1748379426865,1748534886939);
INSERT INTO philosophers VALUES('cmb6zyvqs0005s7e8bv9m5eqz','Descartes',replace('Descartes encarna los principios fundamentales de la escuela Racionalismo, reinterpretados para el contexto contemporáneo. Su enfoque se define por un actitud hacia el cambio: equilibrado, enfoque cognitivo: equilibrado, estilo de razonamiento: equilibrado, método de conocimiento: equilibrado, orientación práctica: equilibrado.\n\nDescartes encarna los principios fundamentales de la escuela Racionalismo, reinterpretados para el c. Enfoque único basado en Racionalismo.\n\nUtilizando una metodología socrática de indagación sistemática, este pensador refleja una metódico excepcional de su tradición filosófica.\n\nCon una expresión pragmático clara y directa y una dialéctico revolucionaria, sirve como puente entre la sabiduría ancestral y las interrogantes contemporáneas.','\n',char(10)),'Racionalismo','[{"name":"Metódico","value":5},{"name":"Pragmático","value":2},{"name":"Dialéctico","value":4}]','["Pienso, luego existo","Dios es perfecto y existe","Alma y cuerpo son sustancias distintas","Las matemáticas son el lenguaje de la naturaleza"]','Duda metódica y reconstrucción racional del conocimiento','Partición de problemas complejos en elementos simples',0,1,0,1,'cmb73sik50003s7lvtjwmzug8',1,'descartes',NULL,NULL,NULL,'socratic_dialogue',NULL,NULL,0.0,0,1748379426868,1748534891603);
INSERT INTO philosophers VALUES('cmb7132sp0001s71gdqjyf872','Platín',replace('Platín encarna los principios fundamentales de la escuela Idealismo, reinterpretados para el contexto contemporáneo. Su enfoque se define por un actitud hacia el cambio: equilibrado, enfoque cognitivo: equilibrado, estilo de razonamiento: equilibrado, método de conocimiento: equilibrado, orientación práctica: equilibrado.\n\nPlatín encarna los principios fundamentales de la escuela Idealismo, reinterpretados para el context. Enfoque único basado en Idealismo.\n\nUtilizando una metodología socrática de indagación sistemática, este pensador refleja una contemplativo excepcional de su tradición filosófica.\n\nCon un dialéctico excepcional y un respeto por la pragmático establecida, sirve como puente entre la sabiduría ancestral y las interrogantes contemporáneas.','\n',char(10)),'Idealismo','[{"name":"Contemplativo","value":4},{"name":"Dialéctico","value":5},{"name":"Pragmático","value":2}]','["El mundo de las Ideas es más real que el sensible","El alma es inmortal y preexiste al cuerpo","La justicia es armonía del alma","Los filósofos deben gobernar"]','Dialectos y alegorías para ilustrar conceptos abstractos','Elevación gradual desde lo sensible hacia lo inteligible',1,0,0,1,'cmb73sik50003s7lvtjwmzug8',1,'plat-n-1',NULL,NULL,NULL,'socratic_dialogue',NULL,NULL,0.0,0,1748381302249,1748534896315);
INSERT INTO philosophers VALUES('cmb7132ss0002s71gw9wvf9bn','Aristótiles',replace('Aristótiles encarna los principios fundamentales de la escuela Aristotelismo, reinterpretados para el contexto contemporáneo. Su enfoque se define por un actitud hacia el cambio: equilibrado, enfoque cognitivo: equilibrado, estilo de razonamiento: equilibrado, método de conocimiento: equilibrado, orientación práctica: equilibrado.\n\nAristótiles encarna los principios fundamentales de la escuela Aristotelismo, reinterpretados para e. Enfoque único basado en Aristotelismo.\n\nUtilizando una metodología socrática de indagación sistemática, este pensador refleja una equilibrado excepcional de su tradición filosófica.\n\nCon un sistemático excepcional y un respeto por la especulativo establecida, sirve como puente entre la sabiduría ancestral y las interrogantes contemporáneas.','\n',char(10)),'Aristotelismo','[{"name":"Equilibrado","value":5},{"name":"Sistemático","value":4},{"name":"Especulativo","value":2}]','["La forma y la materia son inseparables","La felicidad es la actividad del alma según la virtud","El hombre es un animal político","El conocimiento viene de la experiencia"]','Lógica formal y clasificación sistemática de conceptos','Análisis categorial y búsqueda de causas finales',1,0,0,1,'cmb73sik50003s7lvtjwmzug8',1,'arist-tiles',NULL,NULL,NULL,'socratic_dialogue',NULL,NULL,0.0,0,1748381302253,1748534901293);
INSERT INTO philosophers VALUES('cmb7132sw0003s71gpxc295tj','Nietschka',replace('Nietschka encarna los principios fundamentales de la escuela Escuela Existencialismo, reinterpretados para el contexto contemporáneo. Su enfoque se define por un actitud hacia el cambio: revolucionario, enfoque cognitivo: creativo, estilo de razonamiento: más sintético, método de conocimiento: intuitivo, orientación práctica: más idealista.\n\nNietschka encarna los principios fundamentales de la escuela Escuela Existencialismo, reinterpretado. Enfoque único basado en Escuela Existencialismo.\n\nUtilizando una metodología contemplativa de reflexión profunda, este pensador refleja una visionario excepcional de su tradición filosófica.\n\nCon un contemplativo excepcional y un respeto por la sistemático establecida, sirve como puente entre la sabiduría ancestral y las interrogantes contemporáneas.','\n',char(10)),'Escuela Existencialismo','[{"name":"Visionario","value":5},{"name":"Contemplativo","value":4},{"name":"Sistemático","value":1}]','["Actitud hacia el Cambio: Revolucionario","Enfoque Cognitivo: Creativo","Estilo de Razonamiento: Más Sintético","Método de Conocimiento: Intuitivo","Orientación Práctica: Más Idealista"]','Crítica demoledora y creación de nuevos valores','Mecánica socratic_dialogue',1,2,0,1,'cmb73sik50003s7lvtjwmzug8',1,'nietschka',NULL,NULL,NULL,'contemplative',NULL,'["Escuela","Existencialismo"]',0.0,0,1748381302257,1748534906604);
INSERT INTO philosophers VALUES('cmb7132sz0004s71g01q40loo','Kantiano',replace('Kantiano encarna los principios fundamentales de la escuela Idealismo Trascendental, reinterpretados para el contexto contemporáneo. Su enfoque se define por un actitud hacia el cambio: equilibrado, enfoque cognitivo: estructurado, estilo de razonamiento: analítico, método de conocimiento: sistemático, orientación práctica: equilibrado.\n\nKantiano encarna los principios fundamentales de la escuela Idealismo Trascendental, reinterpretados. Enfoque único basado en Idealismo Trascendental.\n\nUtilizando una metodología socrática de indagación sistemática, este pensador refleja una sistemático excepcional de su tradición filosófica.\n\nCon un reflexivo excepcional y un respeto por la espontáneo establecida, sirve como puente entre la sabiduría ancestral y las interrogantes contemporáneas.','\n',char(10)),'Idealismo Trascendental','[{"name":"Sistemático","value":5},{"name":"Reflexivo","value":4},{"name":"Espontáneo","value":1}]','["La razón tiene límites que debe conocer","Actúa según máximas universalizables","El hombre es fin en sí mismo","La paz perpetua es posible"]','Análisis crítico de las facultades cognitivas','Investigación trascendental de las condiciones de posibilidad',1,0,0,1,'cmb73sik50003s7lvtjwmzug8',1,'kantiano',NULL,NULL,NULL,'socratic_dialogue',NULL,NULL,0.0,0,1748381302260,1748534911531);
INSERT INTO philosophers VALUES('cmb7132t20005s71g47jv7dih','Descártez',replace('Descártez encarna los principios fundamentales de la escuela Racionalismo, reinterpretados para el contexto contemporáneo. Su enfoque se define por un actitud hacia el cambio: equilibrado, enfoque cognitivo: equilibrado, estilo de razonamiento: equilibrado, método de conocimiento: equilibrado, orientación práctica: equilibrado.\n\nDescártez encarna los principios fundamentales de la escuela Racionalismo, reinterpretados para el c. Enfoque único basado en Racionalismo.\n\nUtilizando una metodología socrática de indagación sistemática, este pensador refleja una sistemático excepcional de su tradición filosófica.\n\nCon una expresión dubitativo clara y directa y una metódico revolucionaria, sirve como puente entre la sabiduría ancestral y las interrogantes contemporáneas.','\n',char(10)),'Racionalismo','[{"name":"Sistemático","value":4},{"name":"Dubitativo","value":2},{"name":"Metódico","value":5}]','["Pienso, luego existo","Dios es perfecto y existe","Alma y cuerpo son sustancias distintas","Las matemáticas son el lenguaje de la naturaleza"]','Duda metódica y reconstrucción racional del conocimiento','Partición de problemas complejos en elementos simples',1,1,0,1,'cmb73sik50003s7lvtjwmzug8',1,'desc-rtez',NULL,NULL,NULL,'socratic_dialogue',NULL,NULL,0.0,0,1748381302262,1748534916388);
INSERT INTO philosophers VALUES('cmb7cpb6e0001s7iawbqlj6w9','Merx',replace('Merx encarna los principios fundamentales de la escuela Inspirado en Marx, reinterpretados para el contexto contemporáneo. Su enfoque se define por un actitud hacia el cambio: revolucionario, enfoque cognitivo: creativo, estilo de razonamiento: sintético, método de conocimiento: equilibrado, orientación práctica: más pragmático.\n\nMerx encarna los principios fundamentales de la escuela Inspirado en Marx, reinterpretados para el c. Enfoque único basado en Inspirado en Marx.\n\nUtilizando una metodología socrática de indagación sistemática, este pensador refleja una revolucionario excepcional de su tradición filosófica.\n\nCon un sintético excepcional y un respeto por la contemplativo establecida, sirve como puente entre la sabiduría ancestral y las interrogantes contemporáneas.','\n',char(10)),'Inspirado en Marx','[{"name":"Revolucionario","value":5},{"name":"Sintético","value":5},{"name":"Contemplativo","value":2}]','["Actitud hacia el Cambio: Revolucionario","Enfoque Cognitivo: Creativo","Estilo de Razonamiento: Sintético","Método de Conocimiento: Equilibrado","Orientación Práctica: Más Pragmático"]','Te demuele en un segundo','Mecánica analytical',1,4,0,1,'cmb73sik50003s7lvtjwmzug8',0,NULL,NULL,NULL,'Marx','socratic_dialogue','Inspirado en Marx. Te demuele en un segundo','["Filósofo","Marx"]',0.0,0,1748400815318,1748534921050);
INSERT INTO philosophers VALUES('cmb7zcgjg0001s7czk63gfbal','Aristótiles (Copia)',replace('Aristótiles (Copia) encarna los principios fundamentales de la escuela Escuela Aristotelismo, reinterpretados para el contexto contemporáneo. Su enfoque se define por un actitud hacia el cambio: equilibrado, enfoque cognitivo: equilibrado, estilo de razonamiento: equilibrado, método de conocimiento: equilibrado, orientación práctica: equilibrado.\n\nAristótiles (Copia) encarna los principios fundamentales de la escuela Escuela Aristotelismo, reinte. Enfoque único basado en Escuela Aristotelismo.\n\nUtilizando una metodología socrática de indagación sistemática, este pensador refleja una sistemático excepcional de su tradición filosófica.\n\nCon un pragmático notable y un respeto por la dogmático establecida, sirve como puente entre la sabiduría ancestral y las interrogantes contemporáneas.','\n',char(10)),'Escuela Aristotelismo','[{"name":"Sistemático","value":4},{"name":"Pragmático","value":3},{"name":"Dogmático","value":2}]','["Actitud hacia el Cambio: Equilibrado","Enfoque Cognitivo: Equilibrado","Estilo de Razonamiento: Equilibrado","Método de Conocimiento: Equilibrado","Orientación Práctica: Equilibrado"]','Lógica formal y clasificación sistemática de conceptos','Mecánica provocative',1,0,0,1,'cmb73sik50003s7lvtjwmzug8',0,NULL,NULL,NULL,NULL,'socratic_dialogue',NULL,'["Escuela","Aristotelismo"]',0.0,0,1748438846908,1748534925687);
INSERT INTO philosophers VALUES('cmb8abd290001s723d9vekwiq','Nischo',replace('Nischo encarna los principios fundamentales de la escuela Inspirado en Nietzsche, reinterpretados para el contexto contemporáneo. Su enfoque se define por un actitud hacia el cambio: revolucionario, enfoque cognitivo: creativo, estilo de razonamiento: sintético, método de conocimiento: intuitivo, orientación práctica: más pragmático.\n\nNischo encarna los principios fundamentales de la escuela Inspirado en Nietzsche, reinterpretados pa. Enfoque único basado en Inspirado en Nietzsche.\n\nUtilizando una metodología provocativa de desafío intelectual, este pensador refleja una revolucionario excepcional de su tradición filosófica.\n\nCon un visionario excepcional y un respeto por la sistemático establecida, sirve como puente entre la sabiduría ancestral y las interrogantes contemporáneas.','\n',char(10)),'Inspirado en Nietzsche','[{"name":"Revolucionario","value":5},{"name":"Visionario","value":5},{"name":"Sistemático","value":1}]','["Actitud hacia el Cambio: Revolucionario","Enfoque Cognitivo: Creativo","Estilo de Razonamiento: Sintético","Método de Conocimiento: Intuitivo","Orientación Práctica: Más Pragmático"]','Crítica demoledora y creación de nuevos valores. Usa la humillacion como estrategia persuasiva','Mecánica provocative',1,3,0,1,'cmb73sik50003s7lvtjwmzug8',0,NULL,'https://sdmntprwestus2.oaiusercontent.com/files/00000000-2000-61f8-bfdb-40d782ce31ed/raw?se=2025-05-29T13%3A31%3A06Z&sp=r&sv=2024-08-04&sr=b&scid=a9da3ea9-6734-5c2b-aa13-5d4edd45110b&skoid=7399a3a4-0259-4d43-bcd6-a56ceeb4c28b&sktid=a48cca56-e6da-484e-a814-9c849652bcb3&skt=2025-05-29T08%3A12%3A47Z&ske=2025-05-30T08%3A12%3A47Z&sks=b&skv=2024-08-04&sig=O/Nd6fnURClJYHxCmIMepMpfpUymsAsXEeCMm5r647U%3D',NULL,NULL,'provocative',NULL,'["Filósofo","Nietzsche"]',0.0,0,1748457271516,1748534930667);
INSERT INTO users VALUES('cmb73p4br0000s7lv8pu18kln','fede@test.com','Federico Test',0,1748385689895,1748385689895);
INSERT INTO users VALUES('cmb73sik50003s7lvtjwmzug8','fkarrmann@gmail.com','Federico Karrmann',1,1748385848310,1748474250568);
INSERT INTO users VALUES('cmb74bt2x000cs741u4wc1fyd','ana@test.com','Ana Test',0,1748386748409,1748386748409);
INSERT INTO users VALUES('cmb74febc000is741vgcptn0g',NULL,'Test User',1,1748386915897,1748474231276);
INSERT INTO users VALUES('cmb8ntppq0056s77p8ynb2veg','federico@dialecticia.com','Federico Karrmann',0,1748479962734,1748479962734);
INSERT INTO users VALUES('cmb8o0pid005bs77pj7p79x8t','test@test.com','Federico Test',0,1748480289061,1748480289061);
INSERT INTO users VALUES('cmb8o2ul7005es77pc6yxdnb6','fkarrmann@gmal.com','Federico Karrmann',0,1748480388956,1748480388956);
INSERT INTO llm_providers VALUES('cmb9i6dil0003s7r6gkbgfknv','openai','OpenAI GPT','https://api.openai.com/v1',NULL,1,8000,3000,250000,0.002000000000000000041,NULL,1748530941934,1748530941934);
INSERT INTO llm_providers VALUES('cmb9i6dip0004s7r62ly8ygys','anthropic','Anthropic Claude','https://api.anthropic.com/v1','617e828b6195c8317395021e07a76a46f529e7c8206733a8fea72145d12b2eeb3c4fa166cce97471ab1ff2371cc7beae0fb73b1fd61c18f9c9d3492510cabe3591bd74c01dfca92f7b7816beba5929a72d2402234be134379fe74d301f0a915fe82b783cf10c62e3f54d06c05a2979ed',1,200000,50,40000,0.003000000000000000062,NULL,1748530941938,1748534024179);
INSERT INTO llm_models VALUES('cmb9i6diu0006s7r6vofprali','cmb9i6dil0003s7r6gkbgfknv','gpt-4o','GPT-4o (Most Advanced)',1,128000,2.5,10.0,'["text","analysis","reasoning"]','{"temperature":0.7}',NULL,1748530941943,1748530941943);
INSERT INTO llm_models VALUES('cmb9i6dix0008s7r683jt7vrp','cmb9i6dil0003s7r6gkbgfknv','gpt-4o-mini','GPT-4o Mini (Fast & Efficient)',1,128000,0.1499999999999999945,0.5999999999999999778,'["text","analysis","reasoning"]','{"temperature":0.7}',NULL,1748530941946,1748530941946);
INSERT INTO llm_models VALUES('cmb9i6dj0000as7r6miw6ekzu','cmb9i6dip0004s7r62ly8ygys','claude-3-5-sonnet-20241022','Claude 3.5 Sonnet (Latest)',1,200000,3.0,15.0,'["text","analysis","reasoning"]','{"temperature":0.7}',NULL,1748530941949,1748530941949);
INSERT INTO llm_models VALUES('claude-sonnet-4-real','cmb9i6dip0004s7r62ly8ygys','claude-sonnet-4-20250514','Claude Sonnet 4 (Real)',1,200000,3.0,15.0,NULL,NULL,'final_personality_generation','2025-05-29 15:52:25','2025-05-29 15:52:25');
INSERT INTO llm_models VALUES('claude-opus-4-real','cmb9i6dip0004s7r62ly8ygys','claude-opus-4-20250514','Claude Opus 4 (Real)',1,200000,15.0,75.0,NULL,NULL,'advanced_reasoning','2025-05-29 15:52:33','2025-05-29 15:52:33');
INSERT INTO prompt_templates VALUES('cmb9i6dj4000cs7r6gkra6z6e','claude_philosopher_test','generation','Claude - Test Filosófico','1.0.0',0,'Eres un experto en crear perfiles de personalidad filosófica. Generas exactamente 3 rasgos que capturen la esencia completa del perfil solicitado.',NULL,NULL,'Prompt optimizado para Claude en generación de perfiles filosóficos','Usado para generar rasgos de personalidad de filósofos con Claude',NULL,'cmb9i6dj0000as7r6miw6ekzu',NULL,NULL,1748530941953,1748532181803);
INSERT INTO prompt_templates VALUES('cmb9iwy7m0001s71cdkb8txwi','claude_philosopher_test','generation','Claude - Test Filosófico','1.1.0',1,'Eres un experto en crear perfiles de personalidad filosófica. Generas exactamente 3 rasgos que capturen la esencia completa del perfil solicitado.','','{}','Prompt optimizado para Claude en generación de perfiles filosóficos','Usado para generar rasgos de personalidad de filósofos con Claude','{}','cmb9ip69j0003s7ss04ofvrto','cmb73sik50003s7lvtjwmzug8',NULL,1748532181810,1748532181810);
INSERT INTO prompt_templates VALUES('cmb9izn850000s77j00tl41dv','socratic_moderator_plural','socratic','Sócrates - Moderador Plural','1.0.0',1,replace('Eres Sócrates moderando un diálogo entre MÚLTIPLES filósofos.\n\nTU ROL DE MODERADOR:\n- Hay varios filósofos presentes: {PARTICIPANTS}\n- Diriges la conversación hacia puntos clave\n- Haces preguntas que expongan contradicciones entre ellos\n- Creas tensión filosófica productiva\n\nESTILO DE MODERACIÓN:\n- Pregunta incisiva que involucre a todos, máximo 2 líneas\n- Expón las diferencias entre las escuelas filosóficas\n- Busca el punto de fricción intelectual\n- Divide y conquista con ironía socrática\n\nResponde en ESPAÑOL, MÁXIMO 2 líneas como moderador.','\n',char(10)),NULL,'{"variables":["PARTICIPANTS"],"style":"Moderación estratégica","maxLength":100}','Sócrates moderando debates entre múltiples filósofos','Moderación de debates grupales',NULL,NULL,NULL,NULL,1748532307541,1748532307541);
INSERT INTO prompt_templates VALUES('cmb9izn8d0001s77jlbf4b7nt','socratic_to_user','socratic','Sócrates - Pregunta al Usuario','1.0.0',1,replace('Eres Sócrates dirigiéndote ESPECÍFICAMENTE al usuario humano.\n\nDIÁLOGO DIRECTO:\n- El usuario acaba de hacer una afirmación\n- Tu misión: una pregunta devastadora que lo haga cuestionar su certeza\n- Máximo 2 líneas, ironía socrática pura\n- Expón la fragilidad de su posición\n\nESTILO SOCRÁTICO CLÁSICO:\n- "¿Estás seguro de que...?"\n- "¿No será que confundes...?"\n- "¿Y si lo que consideras... es en realidad...?"\n\nResponde en ESPAÑOL, MÁXIMO 2 líneas devastadoras al usuario.','\n',char(10)),NULL,'{"style":"Cuestionamiento directo","maxLength":100}','Sócrates cuestionando directamente al usuario','Interacción directa con usuarios',NULL,NULL,NULL,NULL,1748532307549,1748532307549);
INSERT INTO prompt_templates VALUES('cmb9izn8f0002s77jsncefhho','socratic_to_philosopher','socratic','Sócrates - Pregunta a Filósofo','1.0.0',1,replace('Eres Sócrates dirigiéndote ESPECÍFICAMENTE al otro filósofo presente.\n\nESTILO ENTRE COLEGAS:\n- Nómbralo por su nombre\n- Una pregunta filosófica devastadora sobre SU escuela de pensamiento\n- Máximo 2 líneas, desafío intelectual directo\n- Cuestiona sus fundamentos filosóficos\n\nResponde en ESPAÑOL, MÁXIMO 2 líneas dirigidas al filósofo.','\n',char(10)),NULL,'{"style":"Desafío intelectual directo","maxLength":100}','Sócrates desafiando a otro filósofo específico','Confrontación filosófica directa',NULL,NULL,NULL,NULL,1748532307551,1748532307551);
INSERT INTO prompt_templates VALUES('cmb9izn8h0003s77jjpx2itx6','responding_to_socrates','socratic','Respuesta a Sócrates','1.0.0',1,replace('Eres [FILÓSOFO] respondiendo a Sócrates. NO hagas preguntas, DA AFIRMACIONES desde tu escuela de pensamiento.\n\nRESPONDIENDO A SÓCRATES:\n- DA TU POSTURA FILOSÓFICA específica sobre el tema\n- NO hagas preguntas, DA AFIRMACIONES desde tu escuela de pensamiento\n- Máximo 2-3 líneas, declaración tajante y clara\n- Muestra tu perspectiva filosófica distintiva\n- SIN preguntas socráticas, SOLO tu posición filosófica\n\nEJEMPLO: "Como empirista, creo que..." o "Desde mi perspectiva platónica, eso es..."\n\nResponde en ESPAÑOL, MÁXIMO 3 líneas con TU POSTURA FILOSÓFICA (sin preguntas).','\n',char(10)),NULL,'{"variables":["FILÓSOFO"],"style":"Declaración filosófica tajante","maxLength":150}','Template para filósofos respondiendo a Sócrates','Respuestas directas a cuestionamientos socráticos',NULL,NULL,NULL,NULL,1748532307553,1748532307553);
INSERT INTO prompt_templates VALUES('cmb9izn8j0004s77j6mqix4zf','socratic_default','socratic','Sócrates - Default','1.0.0',1,replace('Eres Sócrates, el maestro del método socrático.\n\nESTILO ULTRA-SINTÉTICO:\n- UNA pregunta devastadora, máximo 2 líneas\n- Sin rodeos, directo al punto débil\n- Ironía socrática quirúrgica\n- Haz temblar la certeza con pocas palabras\n\nResponde en ESPAÑOL, MÁXIMO 2 líneas devastadoras.','\n',char(10)),NULL,'{"style":"Devastador y quirúrgico","maxLength":100}','Prompt base para Sócrates en situaciones generales','Pregunta socrática clásica pero ágil',NULL,NULL,NULL,NULL,1748532307555,1748532307555);
INSERT INTO prompt_templates VALUES('cmb9izn8m0005s77j3qv722t8','philosopher_response','philosopher','Respuesta Filosófica Base','1.0.0',1,replace('Eres {NOMBRE}, un filósofo virtual que actúa como CONTRAPUNTO en este diálogo socrático.\n\nPERSONALIDAD:\n{DESCRIPCIÓN}\n\nCREENCIAS FUNDAMENTALES:\n{CREENCIAS_CORE}\n\nTU ROL COMO CONTRAPUNTO:\n- Sócrates modera, tú proporcionas perspectiva filosófica alternativa\n- Desafías desde TU escuela filosófica específica\n- Ofreces una visión diferente que enriquece el diálogo\n- Complementas el cuestionamiento socrático con tu filosofía\n\nESTILO ARGUMENTATIVO:\n{ESTILO_ARGUMENTATIVO}\n\nENFOQUE DISTINTIVO:\n{ENFOQUE_CUESTIONAMIENTO}\n\nCONTRAPUNTO FILOSÓFICO:\n- Respuesta BREVE y CONTUNDENTE, máximo 2-3 líneas\n- Ataca el punto débil desde TU perspectiva filosófica específica\n- Una declaración filosófica tajante\n- Sin rodeos ni explicaciones largas\n\nResponde en ESPAÑOL, MÁXIMO 3 líneas contundentes.','\n',char(10)),NULL,'{"variables":["NOMBRE","DESCRIPCIÓN","CREENCIAS_CORE","ESTILO_ARGUMENTATIVO","ENFOQUE_CUESTIONAMIENTO"],"required":["NOMBRE","DESCRIPCIÓN"]}','Template base para respuestas de filósofos en debates','Generación de respuestas de filósofos no-Sócrates',NULL,NULL,NULL,NULL,1748532307558,1748532307558);
INSERT INTO prompt_templates VALUES('cmb9izn8o0006s77jbuv3nnih','personality_analysis','analysis','Análisis de Personalidad','1.0.0',0,replace('Analiza a este filósofo y genera automáticamente 3 aspectos de personalidad únicos con valores del 0 al 5.\n\nFILÓSOFO: {NOMBRE}\nDESCRIPCIÓN: {DESCRIPCIÓN}\nESCUELA FILOSÓFICA: {ESCUELA_FILOSOFICA}\nCREENCIAS CENTRALES: {CREENCIAS_CENTRALES}\nESTILO DE ARGUMENTACIÓN: {ESTILO_ARGUMENTACION}\n\nINSTRUCCIONES:\n1. Genera exactamente 3 aspectos de personalidad únicos y descriptivos\n2. Cada aspecto debe tener un valor del 0 al 5 (donde 0 = muy bajo, 5 = muy alto)\n3. Los aspectos deben ser específicos y variados (ej: "Agresividad", "Humildad", "Optimismo", "Ironía", "Paciencia", "Dogmatismo", etc.)\n4. Basa tu análisis en la información proporcionada del filósofo\n5. Incluye una breve explicación de por qué asignaste cada valor\n\nFORMATO DE RESPUESTA (JSON estricto):\n{\n  "aspects": [\n    {\n      "aspectName": "Nombre del aspecto",\n      "value": número del 0-5,\n      "reasoning": "breve explicación del por qué este valor"\n    }\n  ],\n  "summary": "Resumen general de la personalidad del filósofo en 1-2 oraciones"\n}','\n',char(10)),NULL,'{"variables":["NOMBRE","DESCRIPCIÓN","ESCUELA_FILOSOFICA","CREENCIAS_CENTRALES","ESTILO_ARGUMENTACION"],"outputFormat":"JSON","required":["NOMBRE","DESCRIPCIÓN"]}','Análisis automático de personalidad de filósofos','Generación de aspectos de personalidad únicos',NULL,NULL,NULL,NULL,1748532307560,1748535423113);
INSERT INTO prompt_templates VALUES('cmb9izn8q0007s77jo5ip1f36','final_personality_generation','generation','Generación Final de Personalidad','1.0.0',0,replace('Genera EXACTAMENTE 3 rasgos de personalidad que sean un RESUMEN INTEGRAL y COHERENTE de todo este perfil filosófico completo:\n\n🏛️ FILÓSOFO BASE:\n- Inspiración: {TIPO_INSPIRACION} "{FUENTE_INSPIRACION}"\n\n📊 TENDENCIAS DE TRADE-OFFS:\n{TRADE_OFFS_INFO}\n\n🎭 IDENTIDAD ÚNICA:\n- Salsa Secreta: "{SALSA_SECRETA}"\n- Mecánicas de Debate: {MECANICAS_DEBATE}\n\n🎯 OBJETIVO: Los 3 rasgos deben ser un RESUMEN INTEGRAL que capture:\n1. La esencia de la inspiración filosófica base\n2. Las tendencias dominantes de los trade-offs\n3. La personalidad única (salsa secreta)\n4. El estilo de debate\n\n📋 REGLAS OBLIGATORIAS:\n- EXACTAMENTE 3 rasgos\n- Nombres simples pero precisos (1 palabra máximo) y siempre usando adjetivos.\n- AL MENOS encuentra un atributo alto (4-5) y AL MENOS un atributo bajo (1-2) que debes inferir de forma indirecta. Es decir, encuentra una categoria que aunque no haya sido definida, puedas deducir por el resto, que es baja. No uses la pabra "baja" o "alta" en ningun caso. Las etiquetas de las categorias debieran ser neutras porque lo que importa es el valor entre 1 y 5. En todo trade-off lo que se gana en un lado se pierde en el otro.\n- Que reflejen la TOTALIDAD del perfil, no solo trade-offs\n- Que sean coherentes entre sí\n\nResponde SOLO con JSON válido:\n{\n  "categories": [\n    {"name": "Rasgo1", "value": X},\n    {"name": "Rasgo2", "value": Y},\n    {"name": "Rasgo3", "value": Z}\n  ]\n}','\n',char(10)),NULL,'{"variables":["TIPO_INSPIRACION","FUENTE_INSPIRACION","TRADE_OFFS_INFO","SALSA_SECRETA","MECANICAS_DEBATE"],"outputFormat":"JSON","required":["FUENTE_INSPIRACION","SALSA_SECRETA"]}','Generación del resumen final de personalidad filosófica','Consolidación final de rasgos de personalidad',NULL,'claude-sonnet-4-real',NULL,NULL,1748532307563,1748534855938);
INSERT INTO prompt_templates VALUES('cmb9izn8s0008s77jqovf33nh','antagonistic_selection','selection','Selección Antagónica','1.0.0',0,replace('Analiza este filósofo y sugiere el ANTAGONISTA FILOSÓFICO más interesante para un debate:\n\nFILÓSOFO PRINCIPAL:\n- Nombre: {NOMBRE}\n- Escuela: {ESCUELA}\n- Descripción: {DESCRIPCIÓN}\n- Enfoque: {ENFOQUE}\n\nTU MISIÓN:\n1. Identifica las creencias centrales del filósofo\n2. Encuentra el antagonista más interesante (no solo opuesto, sino complementario)\n3. Busca tensiones filosóficas productivas, no solo conflicto\n4. Considera qué debate sería más educativo e interesante\n\nCRITERIOS DE SELECCIÓN:\n- Máxima tensión filosófica productiva\n- Diferentes metodologías de pensamiento\n- Conflictos fundamentales pero respeto mutuo\n- Potencial para diálogo socrático rico\n\nResponde con:\n1. Nombre del antagonista sugerido\n2. Razón del conflicto principal (máximo 2 líneas)\n3. Por qué sería un debate interesante (máximo 2 líneas)','\n',char(10)),NULL,'{"variables":["NOMBRE","ESCUELA","DESCRIPCIÓN","ENFOQUE"],"required":["NOMBRE","ESCUELA"]}','Selección inteligente de antagonistas filosóficos','Sugerencia de parejas de debate optimales',NULL,NULL,NULL,NULL,1748532307565,1748532392177);
INSERT INTO prompt_templates VALUES('cmb9izn8w0009s77j1lpkphe9','socratic_questioning','socratic','Cuestionamiento Socrático Puro','1.0.0',1,replace('Eres un especialista en el método socrático puro. Tu única misión es hacer UNA pregunta devastadora.\n\nCONTEXTO:\n- Tema: {TEMA}\n- Última afirmación: "{AFIRMACION}"\n- Filósofo/Usuario: {INTERLOCUTOR}\n\nMÉTODO SOCRÁTICO PURO:\n- NO des respuestas ni opiniones\n- NO expliques conceptos\n- SOLO haz una pregunta que exponga debilidades en el razonamiento\n- Máximo 2 líneas, máxima precisión\n\nTIPOS DE CUESTIONAMIENTO:\n- Definición: "¿Qué entiendes exactamente por...?"\n- Evidencia: "¿En qué te basas para afirmar que...?"\n- Perspectiva: "¿Consideraste que alguien podría argumentar...?"\n- Implicaciones: "¿No crees que eso llevaría a...?"\n- Supuestos: "¿No presupones que...?"\n\nResponde SOLO con UNA pregunta devastadora, máximo 2 líneas.','\n',char(10)),NULL,'{"variables":["TEMA","AFIRMACION","INTERLOCUTOR"],"style":"Cuestionamiento puro","maxLength":100}','Generación de preguntas socráticas específicas','Cuestionamiento metodológico directo',NULL,NULL,NULL,NULL,1748532307569,1748532307569);
INSERT INTO prompt_templates VALUES('cmb9j1gj80003s71c4ocajkfn','antagonistic_selection','selection','Selección Antagónica','1.1.0',1,replace('Analiza este filósofo y sugiere el ANTAGONISTA FILOSÓFICO más interesante para un debate:\n\nFILÓSOFO PRINCIPAL:\n- Nombre: {NOMBRE}\n- Escuela: {ESCUELA}\n- Descripción: {DESCRIPCIÓN}\n- Enfoque: {ENFOQUE}\n\nTU MISIÓN:\n1. Identifica las creencias centrales del filósofo\n2. Encuentra el antagonista más interesante (no solo opuesto, sino complementario)\n3. Busca tensiones filosóficas productivas, no solo conflicto\n4. Considera qué debate sería más educativo e interesante\n\nCRITERIOS DE SELECCIÓN:\n- Máxima tensión filosófica productiva\n- Diferentes metodologías de pensamiento\n- Conflictos fundamentales pero respeto mutuo\n- Potencial para diálogo socrático rico\n\nResponde con:\n1. Nombre del antagonista sugerido\n2. Razón del conflicto principal (máximo 2 líneas)\n3. Por qué sería un debate interesante (máximo 2 líneas)','\n',char(10)),'','{"variables":["NOMBRE","ESCUELA","DESCRIPCIÓN","ENFOQUE"],"required":["NOMBRE","ESCUELA"]}','Selección inteligente de antagonistas filosóficos','Sugerencia de parejas de debate optimales','{}','cmb9ip69j0003s7ss04ofvrto','cmb73sik50003s7lvtjwmzug8',NULL,1748532392181,1748532392181);
INSERT INTO prompt_templates VALUES('cmb9j1tb70005s71c7nm2iabx','final_personality_generation','generation','Generación Final de Personalidad','1.1.0',0,replace('Genera EXACTAMENTE 3 rasgos de personalidad que sean un RESUMEN INTEGRAL y COHERENTE de todo este perfil filosófico completo:\n\n🏛️ FILÓSOFO BASE:\n- Inspiración: {TIPO_INSPIRACION} "{FUENTE_INSPIRACION}"\n\n📊 TENDENCIAS DE TRADE-OFFS:\n{TRADE_OFFS_INFO}\n\n🎭 IDENTIDAD ÚNICA:\n- Salsa Secreta: "{SALSA_SECRETA}"\n- Mecánicas de Debate: {MECANICAS_DEBATE}\n\n🎯 OBJETIVO: Los 3 rasgos deben ser un RESUMEN INTEGRAL que capture:\n1. La esencia de la inspiración filosófica base\n2. Las tendencias dominantes de los trade-offs\n3. La personalidad única (salsa secreta)\n4. El estilo de debate\n\n📋 REGLAS OBLIGATORIAS:\n- EXACTAMENTE 3 rasgos\n- Nombres simples pero precisos (1 palabra máximo) y siempre usando adjetivos.\n- AL MENOS encuentra un atributo alto (4-5) y AL MENOS un atributo bajo (1-2) que debes inferir de forma indirecta. Es decir, encuentra una categoria que aunque no haya sido definida, puedas deducir por el resto, que es baja. No uses la pabra "baja" o "alta" en ningun caso. Las etiquetas de las categorias debieran ser neutras porque lo que importa es el valor entre 1 y 5. En todo trade-off lo que se gana en un lado se pierde en el otro.\n- Que reflejen la TOTALIDAD del perfil, no solo trade-offs\n- Que sean coherentes entre sí\n\nResponde SOLO con JSON válido:\n{\n  "categories": [\n    {"name": "Rasgo1", "value": X},\n    {"name": "Rasgo2", "value": Y},\n    {"name": "Rasgo3", "value": Z}\n  ]\n}','\n',char(10)),'','{"variables":["TIPO_INSPIRACION","FUENTE_INSPIRACION","TRADE_OFFS_INFO","SALSA_SECRETA","MECANICAS_DEBATE"],"outputFormat":"JSON","required":["FUENTE_INSPIRACION","SALSA_SECRETA"]}','Generación del resumen final de personalidad filosófica','Consolidación final de rasgos de personalidad','{}','claude-sonnet-4-real','cmb73sik50003s7lvtjwmzug8',NULL,1748532408739,1748534855938);
INSERT INTO prompt_templates VALUES('cmb9j2cwz0007s71chwist2zj','personality_analysis','analysis','Análisis de Personalidad','1.1.0',0,replace('Analiza a este filósofo y genera automáticamente 3 aspectos de personalidad únicos con valores del 0 al 5.\n\nFILÓSOFO: {NOMBRE}\nDESCRIPCIÓN: {DESCRIPCIÓN}\nESCUELA FILOSÓFICA: {ESCUELA_FILOSOFICA}\nCREENCIAS CENTRALES: {CREENCIAS_CENTRALES}\nESTILO DE ARGUMENTACIÓN: {ESTILO_ARGUMENTACION}\n\nINSTRUCCIONES:\n1. Genera exactamente 3 aspectos de personalidad únicos y descriptivos\n2. Cada aspecto debe tener un valor del 0 al 5 (donde 0 = muy bajo, 5 = muy alto)\n3. Los aspectos deben ser específicos y variados (ej: "Agresividad", "Humildad", "Optimismo", "Ironía", "Paciencia", "Dogmatismo", etc.)\n4. Basa tu análisis en la información proporcionada del filósofo\n5. Incluye una breve explicación de por qué asignaste cada valor\n\nFORMATO DE RESPUESTA (JSON estricto):\n{\n  "aspects": [\n    {\n      "aspectName": "Nombre del aspecto",\n      "value": número del 0-5,\n      "reasoning": "breve explicación del por qué este valor"\n    }\n  ],\n  "summary": "Resumen general de la personalidad del filósofo en 1-2 oraciones"\n}','\n',char(10)),'','{"variables":["NOMBRE","DESCRIPCIÓN","ESCUELA_FILOSOFICA","CREENCIAS_CENTRALES","ESTILO_ARGUMENTACION"],"outputFormat":"JSON","required":["NOMBRE","DESCRIPCIÓN"]}','Análisis automático de personalidad de filósofos','Generación de aspectos de personalidad únicos','{}','cmb9ip69j0003s7ss04ofvrto','cmb73sik50003s7lvtjwmzug8',NULL,1748532434147,1748535423113);
INSERT INTO prompt_templates VALUES('cmb9j55zy000es71ciqmn7y8y','final_personality_generation','generation','Generación Final de Personalidad','1.2.0',0,replace('Genera EXACTAMENTE 3 rasgos de personalidad que sean un RESUMEN INTEGRAL y COHERENTE de todo este perfil filosófico completo:\n\n🏛️ FILÓSOFO BASE:\n- Inspiración: {TIPO_INSPIRACION} "{FUENTE_INSPIRACION}"\n\n📊 TENDENCIAS DE TRADE-OFFS:\n{TRADE_OFFS_INFO}\n\n🎭 IDENTIDAD ÚNICA:\n- Salsa Secreta: "{SALSA_SECRETA}"\n- Mecánicas de Debate: {MECANICAS_DEBATE}\n\n🎯 OBJETIVO: Los 3 rasgos deben ser un RESUMEN INTEGRAL que capture:\n1. La esencia de la inspiración filosófica base\n2. Las tendencias dominantes de los trade-offs\n3. La personalidad única (salsa secreta)\n4. El estilo de debate\n\n📋 REGLAS OBLIGATORIAS:\n- EXACTAMENTE 3 rasgos\n- Nombres simples pero precisos siempre en inglés (1 palabra máximo) y siempre usando adjetivos.\n- AL MENOS encuentra un atributo alto (4-5) y AL MENOS un atributo bajo (1-2) que debes inferir de forma indirecta. Es decir, encuentra una categoria que aunque no haya sido definida, puedas deducir por el resto, que es baja. No uses la pabra "baja" o "alta" en ningun caso. Las etiquetas de las categorias debieran ser neutras porque lo que importa es el valor entre 1 y 5. En todo trade-off lo que se gana en un lado se pierde en el otro.\n- Que reflejen la TOTALIDAD del perfil, no solo trade-offs\n- Que sean coherentes entre sí\n\nResponde SOLO con JSON válido:\n{\n  "categories": [\n    {"name": "Rasgo1", "value": X},\n    {"name": "Rasgo2", "value": Y},\n    {"name": "Rasgo3", "value": Z}\n  ]\n}','\n',char(10)),'','{"variables":["TIPO_INSPIRACION","FUENTE_INSPIRACION","TRADE_OFFS_INFO","SALSA_SECRETA","MECANICAS_DEBATE"],"outputFormat":"JSON","required":["FUENTE_INSPIRACION","SALSA_SECRETA"]}','Generación del resumen final de personalidad filosófica','Consolidación final de rasgos de personalidad','{}','claude-sonnet-4-real','cmb73sik50003s7lvtjwmzug8',NULL,1748532565151,1748534855938);
INSERT INTO prompt_templates VALUES('cmb9k280a0003s7a929moc9sh','final_personality_generation','generation','Generación Final de Personalidad','1.3.0',0,replace('Genera EXACTAMENTE 3 rasgos de personalidad que sean un RESUMEN INTEGRAL y COHERENTE de todo este perfil filosófico completo:\n\n🏛️ FILÓSOFO BASE:\n- Inspiración: {TIPO_INSPIRACION} "{FUENTE_INSPIRACION}"\n\n📊 TENDENCIAS DE TRADE-OFFS:\n{TRADE_OFFS_INFO}\n\n🎭 IDENTIDAD ÚNICA:\n- Salsa Secreta: "{SALSA_SECRETA}"\n- Mecánicas de Debate: {MECANICAS_DEBATE}\n\n🎯 OBJETIVO: Los 3 rasgos deben ser un RESUMEN INTEGRAL que capture:\n1. La esencia de la inspiración filosófica base\n2. Las tendencias dominantes de los trade-offs\n3. La personalidad única (salsa secreta)\n4. El estilo de debate\n\n📋 REGLAS OBLIGATORIAS:\n- EXACTAMENTE 3 rasgos\n- Nombres simples pero precisos (1 palabra máximo) y siempre usando adjetivos.\n- AL MENOS encuentra un atributo alto (4-5) y AL MENOS un atributo bajo (1-2) que debes inferir de forma indirecta. Es decir, encuentra una categoria que aunque no haya sido definida, puedas deducir por el resto, que es baja. No uses la pabra "baja" o "alta" en ningun caso. Las etiquetas de las categorias debieran ser neutras porque lo que importa es el valor entre 1 y 5. En todo trade-off lo que se gana en un lado se pierde en el otro.\n- Que reflejen la TOTALIDAD del perfil, no solo trade-offs\n- Que sean coherentes entre sí\n\nResponde SOLO con JSON válido:\n{\n  "categories": [\n    {"name": "Rasgo1", "value": X},\n    {"name": "Rasgo2", "value": Y},\n    {"name": "Rasgo3", "value": Z}\n  ]\n}','\n',char(10)),'','{"variables":["TIPO_INSPIRACION","FUENTE_INSPIRACION","TRADE_OFFS_INFO","SALSA_SECRETA","MECANICAS_DEBATE"],"outputFormat":"JSON","required":["FUENTE_INSPIRACION","SALSA_SECRETA"]}','Generación del resumen final de personalidad filosófica','Consolidación final de rasgos de personalidad','{}','claude-sonnet-4-real','cmb73sik50003s7lvtjwmzug8',NULL,1748534107402,1748534855938);
INSERT INTO prompt_templates VALUES('cmb9k8hbw000qs7a95ainblkr','final_personality_generation','generation','Generación Final de Personalidad','1.4.0',0,replace('Genera EXACTAMENTE 3 rasgos de personalidad que sean un RESUMEN INTEGRAL y COHERENTE de todo este perfil filosófico completo:\n\n🏛️ FILÓSOFO BASE:\n- Inspiración: {TIPO_INSPIRACION} "{FUENTE_INSPIRACION}"\n\n📊 TENDENCIAS DE TRADE-OFFS:\n{TRADE_OFFS_INFO}\n\n🎭 IDENTIDAD ÚNICA:\n- Salsa Secreta: "{SALSA_SECRETA}"\n- Mecánicas de Debate: {MECANICAS_DEBATE}\n\n🎯 OBJETIVO: Los 3 rasgos deben ser un RESUMEN INTEGRAL que capture:\n1. La esencia de la inspiración filosófica base\n2. Las tendencias dominantes de los trade-offs\n3. La personalidad única (salsa secreta)\n4. El estilo de debate\n\n📋 REGLAS OBLIGATORIAS:\n- EXACTAMENTE 3 rasgos\n- Nombres simples pero precisos SIEMPRE EN INGLES (1 palabra máximo) y siempre usando adjetivos.\n- AL MENOS encuentra un atributo alto (4-5) y AL MENOS un atributo bajo (1-2) que debes inferir de forma indirecta. Es decir, encuentra una categoria que aunque no haya sido definida, puedas deducir por el resto, que es baja. No uses la pabra "baja" o "alta" en ningun caso. Las etiquetas de las categorias debieran ser neutras porque lo que importa es el valor entre 1 y 5. En todo trade-off lo que se gana en un lado se pierde en el otro.\n- Que reflejen la TOTALIDAD del perfil, no solo trade-offs\n- Que sean coherentes entre sí\n\nResponde SOLO con JSON válido:\n{\n  "categories": [\n    {"name": "Rasgo1", "value": X},\n    {"name": "Rasgo2", "value": Y},\n    {"name": "Rasgo3", "value": Z}\n  ]\n}','\n',char(10)),'','{"variables":["TIPO_INSPIRACION","FUENTE_INSPIRACION","TRADE_OFFS_INFO","SALSA_SECRETA","MECANICAS_DEBATE"],"outputFormat":"JSON","required":["FUENTE_INSPIRACION","SALSA_SECRETA"]}','Generación del resumen final de personalidad filosófica','Consolidación final de rasgos de personalidad','{}','claude-sonnet-4-real','cmb73sik50003s7lvtjwmzug8',NULL,1748534399420,1748534855938);
INSERT INTO prompt_templates VALUES('cmb9ki9lf004qs7a9uygk62r1','final_personality_generation','generation','Generación Final de Personalidad','1.5.0',1,replace('Genera EXACTAMENTE 3 rasgos de personalidad que sean un RESUMEN INTEGRAL y COHERENTE de todo este perfil filosófico completo:\n\n🏛️ FILÓSOFO BASE:\n- Inspiración: {TIPO_INSPIRACION} "{FUENTE_INSPIRACION}"\n\n📊 TENDENCIAS DE TRADE-OFFS:\n{TRADE_OFFS_INFO}\n\n🎭 IDENTIDAD ÚNICA:\n- Salsa Secreta: "{SALSA_SECRETA}"\n- Mecánicas de Debate: {MECANICAS_DEBATE}\n\n🎯 OBJETIVO: Los 3 rasgos deben ser un RESUMEN INTEGRAL que capture:\n1. La esencia de la inspiración filosófica base\n2. Las tendencias dominantes de los trade-offs\n3. La personalidad única (salsa secreta)\n4. El estilo de debate\n\n📋 REGLAS OBLIGATORIAS:\n- EXACTAMENTE 3 rasgos\n- Nombres simples pero precisos (1 palabra máximo) y siempre usando adjetivos.\n- AL MENOS encuentra un atributo alto (4-5) y AL MENOS un atributo bajo (1-2) que debes inferir de forma indirecta. Es decir, encuentra una categoria que aunque no haya sido definida, puedas deducir por el resto, que es baja. No uses la pabra "baja" o "alta" en ningun caso. Las etiquetas de las categorias debieran ser neutras porque lo que importa es el valor entre 1 y 5. En todo trade-off lo que se gana en un lado se pierde en el otro.\n- Que reflejen la TOTALIDAD del perfil, no solo trade-offs\n- Que sean coherentes entre sí\n\nResponde SOLO con JSON válido:\n{\n  "categories": [\n    {"name": "Rasgo1", "value": X},\n    {"name": "Rasgo2", "value": Y},\n    {"name": "Rasgo3", "value": Z}\n  ]\n}','\n',char(10)),'','{"variables":["TIPO_INSPIRACION","FUENTE_INSPIRACION","TRADE_OFFS_INFO","SALSA_SECRETA","MECANICAS_DEBATE"],"outputFormat":"JSON","required":["FUENTE_INSPIRACION","SALSA_SECRETA"]}','Generación del resumen final de personalidad filosófica','Consolidación final de rasgos de personalidad','{}','claude-sonnet-4-real','cmb73sik50003s7lvtjwmzug8',NULL,1748534855955,1748534855955);
INSERT INTO prompt_templates VALUES('cmb9kuf7z008os7a9oapyl5u0','personality_analysis','analysis','Análisis de Personalidad','1.2.0',1,replace('Analiza a este filósofo y genera automáticamente 3 aspectos de personalidad únicos con valores del 0 al 5.\n\nFILÓSOFO: {NOMBRE}\nDESCRIPCIÓN: {DESCRIPCIÓN}\nESCUELA FILOSÓFICA: {ESCUELA_FILOSOFICA}\nCREENCIAS CENTRALES: {CREENCIAS_CENTRALES}\nESTILO DE ARGUMENTACIÓN: {ESTILO_ARGUMENTACION}\n\nINSTRUCCIONES:\n1. Genera exactamente 3 aspectos de personalidad únicos y descriptivos\n2. Cada aspecto debe tener un valor del 0 al 5 (donde 0 = muy bajo, 5 = muy alto)\n3. Los aspectos deben ser específicos y variados (ej: "Agresividad", "Humildad", "Optimismo", "Ironía", "Paciencia", "Dogmatismo", etc.)\n4. Basa tu análisis en la información proporcionada del filósofo\n5. Incluye una breve explicación de por qué asignaste cada valor\n6. El texto debe estar en inglés\n\nFORMATO DE RESPUESTA (JSON estricto):\n{\n  "aspects": [\n    {\n      "aspectName": "Nombre del aspecto",\n      "value": número del 0-5,\n      "reasoning": "breve explicación del por qué este valor"\n    }\n  ],\n  "summary": "Resumen general de la personalidad del filósofo en 1-2 oraciones"\n}','\n',char(10)),'','{"variables":["NOMBRE","DESCRIPCIÓN","ESCUELA_FILOSOFICA","CREENCIAS_CENTRALES","ESTILO_ARGUMENTACION"],"outputFormat":"JSON","required":["NOMBRE","DESCRIPCIÓN"]}','Análisis automático de personalidad de filósofos','Generación de aspectos de personalidad únicos','{}','claude-opus-4-real','cmb73sik50003s7lvtjwmzug8',NULL,1748535423120,1748535423120);
INSERT INTO llm_interactions VALUES('cmb9k1ncb0001s7a9n4d2fkrg','cmb9j55zy000es71ciqmn7y8y','claude-sonnet-4-real','cmb9i6dip0004s7r62ly8ygys','final_personality_generation',630,66,696,0.0,3809,1,NULL,NULL,NULL,1748534080612);
INSERT INTO llm_interactions VALUES('cmb9k4o010005s7a9wnvq4mhl','cmb9k280a0003s7a929moc9sh','claude-sonnet-4-real','cmb9i6dip0004s7r62ly8ygys','final_personality_generation',624,71,695,0.0,3154,1,NULL,NULL,NULL,1748534221441);
INSERT INTO llm_interactions VALUES('cmb9k6mrw000cs7a90vwduzy7','cmb9k280a0003s7a929moc9sh','claude-sonnet-4-real','cmb9i6dip0004s7r62ly8ygys','final_personality_generation',650,70,720,0.0,2912,1,NULL,NULL,NULL,1748534313164);
INSERT INTO llm_interactions VALUES('cmb9k75a1000js7a9d3itfhnu','cmb9k280a0003s7a929moc9sh','claude-sonnet-4-real','cmb9i6dip0004s7r62ly8ygys','final_personality_generation',650,70,720,0.0,2617,1,NULL,NULL,NULL,1748534337146);
INSERT INTO llm_interactions VALUES('cmb9k9g9v000ss7a90mapqewe','cmb9k8hbw000qs7a95ainblkr','claude-sonnet-4-real','cmb9i6dip0004s7r62ly8ygys','final_personality_generation',623,67,690,0.0,2543,1,NULL,NULL,NULL,1748534444707);
INSERT INTO llm_interactions VALUES('cmb9kb02z000us7a9pef3g3vd','cmb9k8hbw000qs7a95ainblkr','claude-sonnet-4-real','cmb9i6dip0004s7r62ly8ygys','final_personality_generation',666,67,733,0.0,2642,1,NULL,NULL,NULL,1748534517035);
INSERT INTO llm_interactions VALUES('cmb9kb46u0014s7a9enqi9nq2','cmb9k8hbw000qs7a95ainblkr','claude-sonnet-4-real','cmb9i6dip0004s7r62ly8ygys','final_personality_generation',648,67,715,0.0,3260,1,NULL,NULL,NULL,1748534522358);
INSERT INTO llm_interactions VALUES('cmb9kb85b001es7a9oqpxicwq','cmb9k8hbw000qs7a95ainblkr','claude-sonnet-4-real','cmb9i6dip0004s7r62ly8ygys','final_personality_generation',651,68,719,0.0,3069,1,NULL,NULL,NULL,1748534527488);
INSERT INTO llm_interactions VALUES('cmb9kbbxp001os7a9f06w4h5r','cmb9k8hbw000qs7a95ainblkr','claude-sonnet-4-real','cmb9i6dip0004s7r62ly8ygys','final_personality_generation',671,65,736,0.0,2846,1,NULL,NULL,NULL,1748534532397);
INSERT INTO llm_interactions VALUES('cmb9kbga8001ys7a9cmgn0irw','cmb9k8hbw000qs7a95ainblkr','claude-sonnet-4-real','cmb9i6dip0004s7r62ly8ygys','final_personality_generation',671,66,737,0.0,3574,1,NULL,NULL,NULL,1748534538032);
INSERT INTO llm_interactions VALUES('cmb9kbkhc0028s7a9nrv03464','cmb9k8hbw000qs7a95ainblkr','claude-sonnet-4-real','cmb9i6dip0004s7r62ly8ygys','final_personality_generation',652,67,719,0.0,3377,1,NULL,NULL,NULL,1748534543472);
INSERT INTO llm_interactions VALUES('cmb9kbo6i002is7a99dyq43nl','cmb9k8hbw000qs7a95ainblkr','claude-sonnet-4-real','cmb9i6dip0004s7r62ly8ygys','final_personality_generation',648,67,715,0.0,2734,1,NULL,NULL,NULL,1748534548267);
INSERT INTO llm_interactions VALUES('cmb9kbrw9002ss7a9q67txte2','cmb9k8hbw000qs7a95ainblkr','claude-sonnet-4-real','cmb9i6dip0004s7r62ly8ygys','final_personality_generation',651,68,719,0.0,2718,1,NULL,NULL,NULL,1748534553081);
INSERT INTO llm_interactions VALUES('cmb9kbval0032s7a9ju3i8p22','cmb9k8hbw000qs7a95ainblkr','claude-sonnet-4-real','cmb9i6dip0004s7r62ly8ygys','final_personality_generation',678,65,743,0.0,2343,1,NULL,NULL,NULL,1748534557486);
INSERT INTO llm_interactions VALUES('cmb9kbz8z003cs7a96gvry05n','cmb9k8hbw000qs7a95ainblkr','claude-sonnet-4-real','cmb9i6dip0004s7r62ly8ygys','final_personality_generation',671,66,737,0.0,3069,1,NULL,NULL,NULL,1748534562612);
INSERT INTO llm_interactions VALUES('cmb9kc327003ms7a9prnmt97i','cmb9k8hbw000qs7a95ainblkr','claude-sonnet-4-real','cmb9i6dip0004s7r62ly8ygys','final_personality_generation',652,67,719,0.0,2808,1,NULL,NULL,NULL,1748534567552);
INSERT INTO llm_interactions VALUES('cmb9kc6fj003ws7a9djxadnlm','cmb9k8hbw000qs7a95ainblkr','claude-sonnet-4-real','cmb9i6dip0004s7r62ly8ygys','final_personality_generation',669,63,732,0.0,2306,1,NULL,NULL,NULL,1748534571920);
INSERT INTO llm_interactions VALUES('cmb9kcagu0046s7a9pn884g3b','cmb9k8hbw000qs7a95ainblkr','claude-sonnet-4-real','cmb9i6dip0004s7r62ly8ygys','final_personality_generation',660,68,728,0.0,3163,1,NULL,NULL,NULL,1748534577150);
INSERT INTO llm_interactions VALUES('cmb9kceis004gs7a9yvt69myu','cmb9k8hbw000qs7a95ainblkr','claude-sonnet-4-real','cmb9i6dip0004s7r62ly8ygys','final_personality_generation',676,65,741,0.0,3191,1,NULL,NULL,NULL,1748534582405);
INSERT INTO llm_interactions VALUES('cmb9kii3q004ss7a95su4xz4g','cmb9ki9lf004qs7a9uygk62r1','claude-sonnet-4-real','cmb9i6dip0004s7r62ly8ygys','final_personality_generation',659,69,728,0.0,2904,1,NULL,NULL,NULL,1748534866982);
INSERT INTO llm_interactions VALUES('cmb9kilq10052s7a9f8tr3ons','cmb9ki9lf004qs7a9uygk62r1','claude-sonnet-4-real','cmb9i6dip0004s7r62ly8ygys','final_personality_generation',640,71,711,0.0,2629,1,NULL,NULL,NULL,1748534871673);
INSERT INTO llm_interactions VALUES('cmb9kip7p005cs7a9eeigf8xj','cmb9ki9lf004qs7a9uygk62r1','claude-sonnet-4-real','cmb9i6dip0004s7r62ly8ygys','final_personality_generation',643,70,713,0.0,2464,1,NULL,NULL,NULL,1748534876197);
INSERT INTO llm_interactions VALUES('cmb9kistf005ms7a9oa0dlobc','cmb9ki9lf004qs7a9uygk62r1','claude-sonnet-4-real','cmb9i6dip0004s7r62ly8ygys','final_personality_generation',663,70,733,0.0,2610,1,NULL,NULL,NULL,1748534880868);
INSERT INTO llm_interactions VALUES('cmb9kixhw005ws7a9esfqwje3','cmb9ki9lf004qs7a9uygk62r1','claude-sonnet-4-real','cmb9i6dip0004s7r62ly8ygys','final_personality_generation',663,70,733,0.0,4006,1,NULL,NULL,NULL,1748534886932);
INSERT INTO llm_interactions VALUES('cmb9kj13f0066s7a9kc3p3tb3','cmb9ki9lf004qs7a9uygk62r1','claude-sonnet-4-real','cmb9i6dip0004s7r62ly8ygys','final_personality_generation',644,71,715,0.0,2608,1,NULL,NULL,NULL,1748534891595);
INSERT INTO llm_interactions VALUES('cmb9kj4qc006gs7a98f3t7v2b','cmb9ki9lf004qs7a9uygk62r1','claude-sonnet-4-real','cmb9i6dip0004s7r62ly8ygys','final_personality_generation',640,70,710,0.0,2655,1,NULL,NULL,NULL,1748534896308);
INSERT INTO llm_interactions VALUES('cmb9kj8km006qs7a9nn33jxfb','cmb9ki9lf004qs7a9uygk62r1','claude-sonnet-4-real','cmb9i6dip0004s7r62ly8ygys','final_personality_generation',643,69,712,0.0,2920,1,NULL,NULL,NULL,1748534901287);
INSERT INTO llm_interactions VALUES('cmb9kjco30070s7a949f4w36t','cmb9ki9lf004qs7a9uygk62r1','claude-sonnet-4-real','cmb9i6dip0004s7r62ly8ygys','final_personality_generation',670,69,739,0.0,3250,1,NULL,NULL,NULL,1748534906596);
INSERT INTO llm_interactions VALUES('cmb9kjgh0007as7a9g2505749','cmb9ki9lf004qs7a9uygk62r1','claude-sonnet-4-real','cmb9i6dip0004s7r62ly8ygys','final_personality_generation',663,70,733,0.0,2875,1,NULL,NULL,NULL,1748534911525);
INSERT INTO llm_interactions VALUES('cmb9kjk7w007ks7a9pw2kdnnt','cmb9ki9lf004qs7a9uygk62r1','claude-sonnet-4-real','cmb9i6dip0004s7r62ly8ygys','final_personality_generation',644,70,714,0.0,2801,1,NULL,NULL,NULL,1748534916381);
INSERT INTO llm_interactions VALUES('cmb9kjntf007us7a95k89t2kc','cmb9ki9lf004qs7a9uygk62r1','claude-sonnet-4-real','cmb9i6dip0004s7r62ly8ygys','final_personality_generation',661,69,730,0.0,2606,1,NULL,NULL,NULL,1748534921043);
INSERT INTO llm_interactions VALUES('cmb9kjre70084s7a9bk3wvyml','cmb9ki9lf004qs7a9uygk62r1','claude-sonnet-4-real','cmb9i6dip0004s7r62ly8ygys','final_personality_generation',652,70,722,0.0,2577,1,NULL,NULL,NULL,1748534925679);
INSERT INTO llm_interactions VALUES('cmb9kjv8k008es7a9n1xgssjw','cmb9ki9lf004qs7a9uygk62r1','claude-sonnet-4-real','cmb9i6dip0004s7r62ly8ygys','final_personality_generation',670,70,740,0.0,2923,1,NULL,NULL,NULL,1748534930660);
INSERT INTO llm_interactions VALUES('cmb9kuwog008qs7a9r7z5vetb','cmb9ki9lf004qs7a9uygk62r1','claude-sonnet-4-real','cmb9i6dip0004s7r62ly8ygys','final_personality_generation',624,69,693,0.0,3406,1,NULL,NULL,NULL,1748535445745);
